-- phpMyAdmin SQL Dump
-- version 4.5.1
-- http://www.phpmyadmin.net
--
-- Host: 127.0.0.1
-- Generation Time: Oct 02, 2017 at 06:40 PM
-- Server version: 10.1.16-MariaDB
-- PHP Version: 5.6.24

SET SQL_MODE = "NO_AUTO_VALUE_ON_ZERO";
SET time_zone = "+00:00";


/*!40101 SET @OLD_CHARACTER_SET_CLIENT=@@CHARACTER_SET_CLIENT */;
/*!40101 SET @OLD_CHARACTER_SET_RESULTS=@@CHARACTER_SET_RESULTS */;
/*!40101 SET @OLD_COLLATION_CONNECTION=@@COLLATION_CONNECTION */;
/*!40101 SET NAMES utf8mb4 */;

--
-- Database: `crm`
--

-- --------------------------------------------------------

--
-- Table structure for table `activos`
--

CREATE TABLE `activos` (
  `id_activo` int(10) NOT NULL,
  `n_serie` varchar(25) NOT NULL,
  `clasificacion` varchar(10) NOT NULL,
  `marca` varchar(50) NOT NULL,
  `modelo` varchar(50) NOT NULL,
  `descripcion` text,
  `situacion` int(10) NOT NULL
) ENGINE=InnoDB DEFAULT CHARSET=latin1;

--
-- Dumping data for table `activos`
--

INSERT INTO `activos` (`id_activo`, `n_serie`, `clasificacion`, `marca`, `modelo`, `descripcion`, `situacion`) VALUES
(0, 'n_serie', 'clasificac', 'marca', 'modelo', 'descripcion', 0),
(28893, '013909284', 'C01426', 'ALCATEL ', 'EASY 4010', 'TELEFONO DIGITAL', 2),
(88489, 'MXJ646057B', 'C01423', 'HEWLETT PACKARD - COMPAQ', 'DC7700', 'COMPUTADORA PENTIUM IV 3.2 GHZ', 2),
(88490, 'B93CB0ADPTL624', 'C00972', 'HEWLETT PACKARD', 'SK - 2880', 'TECLADO PARA COMPUTADORA, COLO', 2),
(88507, 'B93CB0ADPTMMUF', 'C00194', 'HEWLETT PACKARD', 'SK - 2880', 'TECLADO PARA COMPUTADORA, COLO', 2),
(88509, 'MXJ64602Q5', 'C01423', 'HEWLETT PACKARD - COMPAQ ', 'DC7700', 'COMPUTADORA PENTIUM IV 3.2 GHZ', 2),
(88510, 'B93CB0ACPTRODP', 'C00194', 'HEWLETT PACKARD', 'SK - 2880', 'TECLADO PARA COMPUTADORA, COLO', 2),
(88512, 'MXJ64708MC', 'C01423', 'HEWLETT PACKARD - COMPAQ ', 'DC7700', 'COMPUTADORA PENTIUM IV 3.2 GHZ', 2),
(88513, 'B93CB0ACPTRLV4', 'C00194', 'HEWLETT PACKARD', 'SK - 2880', 'TECLADO PARA COMPUTADORA COLOR', 2),
(88516, 'MXJ64708N8', 'C01423', 'HEWLETT PACKARD - COMPAQ ', 'DC7700', 'COMPUTADORA PENTIUM IV 3.2 GHZ', 2),
(88517, 'B93CB0ACPTRIAO', 'C00194', 'HEWLETT PACKARD', 'SK - 2880', 'TECLADO COLOR NEGRO-GRIS CON F', 2),
(88519, 'MXJ64708PJ', 'C01423', 'HEWLETT PACKARD - COMPAQ ', 'DC7700', 'CPU VERTICAL COLOR NEGRO-GRIS ', 2),
(88520, 'B93CB0ACPTRO32', 'C00194', 'HEWLETT PACKARD', 'SK - 2880', 'TECLADO PARA COMPUTADORA COLOR', 2),
(88522, 'MXJ64708P5', 'C01423', 'HEWLETT PACKARD - COMPAQ ', 'DC7700', 'COMPUTADORA PENTIUM IV 3.2 GHZ', 2),
(88523, 'B93CB0ADPTL2OH', 'C00194', 'HEWLETT PACKARD', 'SK - 2880', 'TECLADO PARA COMPUTADORA, COLO', 2),
(88525, 'MXJ646059S', 'C01423', 'HEWLETT PACKARD - COMPAQ ', 'DC7700', 'COMPUTADORA PENTIUM IV 3.2 GHZ', 2),
(88526, 'B93CB0ADPTL2OT', 'C01423', 'HEWLETT PACKARD', 'SK - 2880', 'TECLADO PARA COMPUTADORA, COLO', 2),
(88529, 'B93CB0ACPTRMCT', 'C00194', 'HEWLETT PACKARD', 'SK - 2880', 'TECLADO PARA COMPUTADORA COLOR', 2),
(88531, 'MXJ64708QY', 'C01423', 'HEWLETT PACKARD - COMPAQ', 'DC7700', 'COMPUTADORA PENTIUM IV 3.2 GHZ', 2),
(88532, 'CNN6341VNR', 'C00194', 'HEWLETT PACKARD', 'L1706  HSTND - 2L08', 'MONITOR LCD, COLOR NEGRO 17" *', 2),
(88533, 'B93CB0ACPTRO1F', 'C00194', 'HEWLETT PACKARD', 'SK - 2880', 'TECLADO PARA COMPUTADORA, COLO', 2),
(88681, 'B93CB0ACPS6HMH', 'C00194', 'HEWLETT PACKARD', 'SK - 2880', 'TECLADO PARA COMPUTADORA, COLO', 2),
(88683, 'MXJ543073Q', 'C01423', 'HEWLETT PACKARD - COMPAQ', 'DC7600', 'EQUIPO DE COMPUTO DE 512 MB, C', 2),
(88690, 'B93CB0ACPSWQ68', 'C01423', 'HEWLETT PACKARD', 'SK 2880', 'TECLADO COLOR NEGRO - GRIS CON', 2),
(88695, 'B93CB0ACPS6HLU', 'C00194', 'HEWLETT PACKARD', 'SK - 2880', 'TECLADO ESTANDAR COLOR NEGRO', 2),
(88710, 'MXJ60705K1', 'C01423', 'HEWLETT PACKARD - COMPAQ', 'DC 7600', 'EQUIPO DE COMPUTO PENTIUM 4, 3', 2),
(88738, 'MXJ5430735', 'C01423', 'HEWLETT PACKARD', 'DC7600', 'COMPUTADORA SFF, PENTIUM IV, 3', 2),
(88744, 'MXJ54200DX', 'C01423', 'HEWLETT PACKARD - COMPAQ', 'DC7600', 'COMPUTADORA SFF , PENTIUM 4, 3', 2),
(88767, 'MXJ62204MQ', 'C01423', 'HEWLETT PACKARD', 'DC7600', 'CPU, VERTICAL  COLOR NEGRO-GRI', 2),
(88769, 'B77670ACPQX4SV', 'C01423', 'HEWLETT PACKARD', 'SK - 2880', 'TECLADO ESTANDAR, COLOR NEGRO/', 2),
(88781, 'MXJ54003MB', 'C01423', 'HEWLETT PACKARD-COMPAQ', 'DC 7600', 'COMPUTADOR PENTIUM 4, 3.06 GHZ', 2),
(88783, 'B93CB0ACPS4SON', 'C01423', 'HEWLETT PACKARD', 'SK - 2880', 'TECLADO ESTANDAR, COLOR NEGRO ', 2),
(88788, '022633396', 'C01426', 'ALCATEL', '4020', 'TELEFONO CONMUTADOR COLOR GRIS', 2),
(88808, 'MXJ54003NQ', 'C01423', 'HEWLETT PACKARD - COMPAQ', 'DC7600', 'EQUIPO DE COMPUTO SFF, PENTIUM', 2),
(88828, 'MXJ54003P7', 'C01426', 'HEWLETT PACKARD-COMPAQ', 'DC7600', 'COMPUTADORA HORIZONTAL, COLOR ', 2),
(88855, 'B557B0AGANE2SC', 'C00194', 'COMPAQ', 'KB - 0133', 'TECLADO CON FUNCIONES MULTIMED', 2),
(88916, 'SIN SERIE', 'C01423', 'HEWLETT PACKARD', 'KB-0133', 'TECLADO PARA COMPUTADORA COLOR', 2),
(88919, 'B77670ACPR3BBJ', 'C00194', 'HEWLETT PACKARD', 'SK-2880', 'TECLADO PARA COMPUTADORA COLOR', 2),
(88921, 'MXJ51003XF', 'C00194', 'HEWLETT PACKARD', 'DC7100', 'CPU PENTIUM CUATRO, 2.8 GHZ, 8', 2),
(89039, '147808431 - 0038529', 'C01423', 'SONY VAIO', 'PCVA - KB4P/M', 'TECLADO PARA COMPUTADORA COLOR', 2),
(89076, 'B69', 'C01423', 'HEWLETT PACKARD', 'KB-0133', 'TECLADO PARA COMPUTADORA COLOR', 2),
(89093, 'B557B0FGAO34JS', 'C01423', 'COMPAQ', 'KB-0133', 'TECLADO PARA COMPUTADORA, COLO', 2),
(89116, 'MXJ54003PD', 'C00194', 'HEWLETT PACKARD - COMPAQ', 'DC7600', 'CPU O UNIDAD DE MEMORIA SFF, P', 2),
(89144, 'B557B0AGANE1WE', 'C00194', 'COMPAQ ', 'KB - 0133', 'TECLADO PARA COMPUTADORA COLOR', 2),
(89159, '022017261', 'C01012', 'ALCATEL', '4020', 'TELEFONO CONMUTADOR, COLOR GRI', 2),
(89187, 'B93CB0ACPS6GLV', 'C01423', 'HEWLETT PACKARD', 'SK - 2880', 'TECLADO COLOR NEGRO - GRIS', 2),
(89216, 'B69220KGAP93NL', 'C00194', 'HEWLETT PACKARD', 'KB-0133', 'TECLADO PARA COMPUTADORA, COLO', 2),
(89227, 'B93CB0ACPS410G', 'C00194', 'HEWLETT PACKARD', 'SK - 2880', 'TECLADO PARA COMPUTADORA, COLO', 2),
(89229, 'MXJ54003PC', 'C01423', 'HEWLETT PACKARD - COMPAQ', 'DC7600', 'CPU PENTIUM CUATRO DE 3.06 GHZ', 2),
(89282, 'B93CB0ACPS6HRB', 'C01423', 'HEWLETT PACKARD', 'SK - 2880', 'TECLADO PARA COMPUTADORA, COLO', 2),
(89284, 'MXJ543075N', 'C00194', 'HEWLETT PACKARD', 'DC7600 ', 'CPU O UNIDAD DE MEMORIA DE 512', 2),
(89310, 'B93CB0ACPS4R5W', 'C00194', 'HEWLETT PACKARD', 'SK - 2880', 'TECLADO PARA COMPUTADORA, COLO', 2),
(89312, 'MXJ54200DT', 'C00785', 'HEWLETT PACKARD-COMPAQ', 'DC7600', 'CPU PENTIUM CUATRO, DE 3.06 GH', 2),
(89334, 'MXJ44907NJ', 'C01423', 'HEWLETT PACKARD-COMPAQ', 'DC7100', 'EQUIPO DE COMPUTO COLOR NEGRO ', 2),
(89351, '022632110', 'C01071', 'ALCATEL', '4020', 'TELEFONO CONMUTADOR COLOR GRIS', 2),
(89364, 'B93CB0ACPSKSWW', 'C01423', 'HEWLETT PACKARD', 'SK - 2880', 'TECLADO PARA COMPUTADORA, COLO', 2),
(89365, 'B93CB0ACPSKN6V', 'C01423', 'HEWLETT PACKARD', 'SK - 2880', 'TECLADO PARA COMPUTADORA COLOR', 2),
(89368, 'B93CB0ACPS4421', 'C01423', 'HEWLETT PACKARD', 'SK - 2880', 'TECLADO PARA COPUTADORA COLOR ', 2),
(89372, 'MXJ45004QR', 'C00194', 'HEWLETT PACKARD - COMPAQ', 'DC7100', 'COMPUTADORA SFF, PENTIUM CUATR', 2),
(89398, 'B77670ACPQP0HA', 'C00194', 'HEWLETT PACKARD', 'SK - 2880', 'TECLADO PARA COMPUTADORA, COLO', 2),
(89423, 'MXJ543075P', 'C01423', 'HEWLETT PACKARD', 'DC7600', 'CPU O UNIDAD DE MEMORIA DE 512', 2),
(89428, 'B557B0AGANA0EE', 'C01423', 'COMPAQ', 'KB - 0133', 'TECLADO PARA COMPUTADORA COLOR', 2),
(89457, 'B93CB0ACPS66KP', 'C00194', 'HEWLETT PACKARD', 'SK - 2880', 'TECLADO PARA COMPUTADORA, COLO', 2),
(89517, '022632136', 'C01426', 'ALCATEL', '4020', 'TELEFONO CONMUTADOR CON PANTAL', 2),
(599656, 'B77670ACPR36TH', 'C01423', 'HP', 'SK-2880', 'TECLADO PARA COMPUTADORA, COLO', 2),
(611453, '3001978', 'C01423', 'SONY VAIO', 'PCV - RS30M', 'COMPUTADORA P4, 2.6 GHZ, 80 GB', 2),
(611483, '147808421 0000094', 'C00194', 'SONY VAIO', 'PCVA - KB4P/M ', 'TECLADO PARA COMPUTADORA COLOR', 2),
(1500041, 'FJDP928158WL', 'C00194', 'PIONEER', 'SIN MODELO', 'QUEMADOR DE DVD 16X 5.25 (INTE', 2),
(1500896, 'MXJ6470D5B', 'C01527', 'HEWLETT PACKARD - COMPAQ', 'DC7700', 'EQUIPO DE COMPUTO P4  3.2 GHZ ', 2),
(1500900, 'B93CB0ADPTO80Z', 'C00194', 'HEWLETT PACKARD', 'SK - 2880', 'TECLADO PARA COMPUTADORA ', 2),
(1500905, 'MXJ6470D3P', 'C01527', 'HEWLETT PACKARD - COMPAQ', 'DC7700C', 'COMPUTADORA P4 3.2 GHZ 512 MB ', 2),
(1500907, 'B93CB0ADPTO4OQ', 'C01423', 'HEWLETT PACKARD', 'SK-2880', 'TECLADO PARA COMPUTADORA', 2),
(1505210, 'SIN SERIE', 'C00163', 'KINGSTON', 'SIN MODELO', 'MEMORIA USB DE 2 GB DATATRAVEL', 2),
(1505211, 'SIN SERIE ', 'C01527', 'KINGSTON', 'SIN MODELO ', 'MEMORIA USB DE 2 GB DATATRAVEL', 2),
(1505215, 'SIN SERIE ', 'C01527', 'LOGITECH   X - 530', 'S - 0114A', 'JUEGO DE SEIS BOCINAS (ETIQUET', 2),
(1505532, 'SIN SERIE', 'C00495', 'KINGSTON', 'SIN MODELO ', 'MEMORIA FLASH USB DE 4 GB', 2),
(1505533, '282018403001015', 'C01527', 'SONY', 'PCG - 251P', 'COMPUTADORA COMPLETA CORE DUO ', 2),
(1507761, 'SIN SERIE', 'C01527', 'KINGSTON', 'DATATRAVELER ', 'MEMORIA FLASH USB DE 4GB (COLO', 2),
(1507762, 'SIN SERIE ', 'C01196', 'KINGSTON', 'DATATRAVELER ', 'MEMORIA USB DE 4GB (COLOR BLAN', 2),
(1507763, 'SIN SERIE', 'C01423', 'KINGSTON', 'DATATRAVELER', 'MEMORIA FLASH USB DE 1 GB (COL', 2),
(1507764, 'SIN SERIE', 'C01527', 'KINGSTON', 'DATATRAVELER', 'MEMORIA FLASH USB DE 1 GB (COL', 2),
(1519361, 'WMAM9RH27835', 'C00194', 'WESTERN DIGITAL', 'SIN MODELO', 'DISCO DURO DE 80 GB IDE ULTRA ', 2),
(1519362, 'BKMK1670772', 'C01423', 'KINGSTON', 'SIN MODELO ', 'MEMORIA DE 512 MB 400MHZ DDR P', 2),
(1519363, 'BKMK1680767', 'C01527', 'KINGSTON', 'SIN MODELO', 'MEMORIA DE 512 MB 400 MHZ DDR ', 2),
(1520396, 'MXJ64505KQ', 'C01527', 'HEWLETT PACKARD', 'DC7600', 'COMPUTADORA SFF PD -945  3.4GH', 2),
(1538465, 's/n', 'C00937', 'KINGSTON', 'DATATRAVELER', 'Memoria USB de 1 GB, marca Kin', 2),
(1561003, 'Serie MY77GBS092', 'C00972', 'Hewllett  Packerd', 'Deskjet 6940', 'IMPRESORA DE COLOR, MODELO DES', 2),
(1566167, 'MXJ74506CX', 'C01527', 'HP', 'DC5700', 'CPU MARCA HP MODELO DC5700 160', 2),
(1566183, 'MXJ74506B3', 'C00194', 'HEWLETT PACKARD', 'DC5700', 'CPU MARCA HP MODELO DC5700 ', 2),
(1566328, 's/n', 'C00194', 'KINGSTON', 'S/M', 'MEMORIA USB 2GB DATATRAVELER M', 2),
(1570834, 'CNC734NS4F', 'C01527', 'HEWLETT PACKARD', 'W17E           HSTND - 2301 - AH', 'MONITOR MARCA HP MODELO W17E ', 2),
(1627897, 'MXJ80704NP', 'C01423', 'HP Compaq', 'DC 7800', 'Computadora marca HP Compaq mo', 2),
(1627898, 'CNC751QYGF', 'C01527', 'HP COMPAQ', 'L1710', 'PANTALLA DE COMPUTADORA LCD, D', 2),
(1627899, 'BC3370DVBVF0IH', 'C01527', 'HP COMPAQ', 'KB 0316', 'TECLADO MARCA HP COMPAQ', 2),
(1633360, 'SIN SERIE', 'C00336', 'KINGSTON', 'SIN MODELO', 'MEMORIA (RAM) DDR 1 GB P/COMPA', 2),
(1641551, 'SIN SERIE', 'C00972', 'KINGSTON ', 'SIN MODELO ', 'MEMORIA (RAM) DDR 1 GB P/COMPA', 2),
(1647451, 'MY82JCS1KQ', 'C00336', 'HEWLETT PACKARD', '6940', 'IMPRESORA DESKJET A COLOR ', 2),
(1650774, 'MXJ81703DF', 'C00785', 'HP - COMPAQ', 'DC7800', 'EQUIPO DE COMPUTO COLOR NEGRO ', 2),
(1660455, 'S088JR0PB00104', 'C00785', 'SAMSUNG', 'SP2014N', 'DISCO DURO DE 200 GB(INSERTO E', 2),
(1707798, '3000653', 'C00495', 'SONY  VAIO', 'VGN - SZ691FN  ', 'EQUIPO DE COMPUTO PORTÁTIL COL', 2),
(1709227, 'MXJ83107BC', 'C00495', 'HEWLETT PACKARD', 'DC7800', 'EQUIPO DE COMPUTO COLOR GRIS', 2),
(1709454, 'WMART1096244', 'C00988', 'WESTERN DIGITAL', 'SIN MODELO', 'DISCO DURO DE 250 GB SERIAL AT', 2),
(1714100, 'MXJ83107F8', 'C01423', 'HEWLETT PACKARD', 'DC7800', 'CPU MODULO COLOR GRIS CON NEGR', 2),
(1714102, 'CNC821Q50T', 'C00972', 'HEWLETT PACKARD', 'HSTND - 2301 - AH', 'MONITOR COLOR GRIS CON NEGRO P', 2),
(1714115, 'FB7330AN3W3192Y', 'C00972', 'HEWLETT PACKARD ', 'M - SBF96', 'MOUSE DE TRES BOTONES', 2),
(1714385, 'MXJ83303ZM', 'C01423', 'HEWLETT PACKARD', 'DC7800', 'CPU COLOR GRIS-NEGRO', 2),
(1714389, 'BC3370GVBW8CNE', 'C00495', 'HEWLETT PACKARD', 'KB - 0316', 'TECLADO PARA COMPUTADORA ', 2),
(1714395, 'FB7330AN3W6046O', 'C00194', 'HEWLETT PACKARD', 'M - SBF96', 'MOUSE CON TRES BOTONES', 2),
(1714451, 'MXJ8320F92', 'C01423', 'HEWLETT PACKARD', 'DC7800', 'CPU COLOR NEGRO - GRIS', 2),
(1714458, 'CNC821Q4B9', 'C00988', 'HEWLETT PACKARD', 'HSTND - 2301 - AH ', 'MONITOR LCD 17" COLOR NEGRO - ', 2),
(1714460, 'BC3370GVBW8FXF', 'C01423', 'HEWLETT PACKARD', 'KB - 0316', 'TECLADO PARA COMPUTADORA', 2),
(1723406, 'FCN00823203491', 'C01426', 'ALCATEL', '4019', 'TELÉFONO MULTILÍNEAS ALCATEL L', 2),
(1723407, 'FCN00823405197', 'C01426', 'ALCATEL', '4019', 'TELÉFONO MULTILÍNEAS ALCATEL L', 2),
(1725743, 'MXJ84200KK', 'C00988', 'HEWLETT PACKARD', 'DC 7800', 'CPU CONVERTIBLE A MINI TORRE, ', 2),
(1725750, 'BC3370GVBWD8QV', 'C01423', 'HEWLETT PACKARD ', 'KB - 0316', 'TECLADO PARA COMPUTADORA COLOR', 2),
(1725754, 'FB7330AN3WC0N0Z', 'C00194', 'HEWLETT PACKARD', 'M - SBF96', 'MOUSE DE TRES BOTONES, COLOR N', 2),
(1725836, 'MXJ831008P', 'C00194', 'HEWLETT PACKARD', 'DC 7800', 'CPU CONVERTIBLE A MINI TORRE, ', 2),
(1725842, 'BC3370FVBW647Z', 'C00194', 'HEWLETT PACKARD', 'KB - 0316', 'TECLADO PARA COMPUTADORA COLOR', 2),
(1725844, 'FB7330AN3W31A28', 'C00194', 'HEWLETT PACKARD', 'M - SBF96', 'MOUSE DE TRES BOTONES, COLOR N', 2),
(1726365, 'WCARW6890851', 'C00194', 'WESTERN DIGITAL', 'SIN MODELO', 'DISCO DURO IDE 320 GB', 2),
(1729391, 'MXJ845030Z', 'C00194', 'HEWLETT PACKARD', 'DC7800', 'CPU C2D E4600, 160GB, 2 GB, DV', 2),
(1729427, 'MXJ845030N', 'C00988', 'HEWLETT PACKARD', 'DC 7800', 'CPU C2D E4600, 160GB, 2 GB, DV', 2),
(1729440, 'FB7330AN3WI1MHH', 'C00336', 'HEWLETT PACKARD', 'M - SBF96', 'MOUSE DE TRES BOTONES, COLOR N', 2),
(1734676, 'CNU8372WKC', 'C01533', 'HEWLETT PACKARD', '2133', 'EQUIPO DE COMPUTO PORTÁTIL MIN', 2),
(1739883, 'SIN SERIE', 'C00194', 'KINGSTON', 'SIN MODELO', 'MEMORIA DDR 512 MB  P/COMPAQ E', 2),
(1739890, 'SIN SERIE', 'C00937', 'KINGSTON', 'SIN MODELO', 'MEMORIA DDR 512 MB P/COMPAQ EV', 2),
(1755683, 'MXJ8100FMB', 'C01423', 'HP', 'DC7800', ' CPU DESKTOP CONVERTIBLE MINI ', 2),
(1759885, 'BC3370CVBUXMQN', 'C00988', 'HEWLETT PACKARD', 'KB - 0316', 'TECLADO PARA COMPUTADORA, MARC', 2),
(1759891, 'BC3370CVBUXJZB', 'C00194', 'HEWLETT PACKARD', 'KB - 0316', 'TECLADO PARA COMPUTADORA, MARC', 2),
(1759896, 'FB7330AN3UZ2P7T', 'C01533', 'HEWLETT PACKARD', 'SBF - 96', 'MOUSE DE TRES BOTONES COLOR NE', 2),
(1786389, 'MXL83104RK', 'C00194', 'HP COMPAQ', 'DX2400', 'C.P.U. HP COMPAQ DX2400 NEGRO ', 2),
(1787390, 'MY8AVCK14X', 'NC00785', 'HEWLETT PACKARD', '6940', 'IMPRESORA A COLOR, COLOR GRIS ', 2),
(1792306, 'MXJ84801KZ', 'C00194', 'HEWLETT PACKARD', 'HP DC7900', 'CPU COLOR NEGRO-GRIS CMT CORE ', 2),
(1792325, 'CNT902W0MM', 'NC00972', 'HEWLETT PACKARD', 'V185WS / HSTND-2511-T', 'MONITOR DE 18.5" LCD COLOR GRI', 2),
(1792636, 'BC3370GLUWH3HY', 'NC00972', 'HEWLETT PACKARD', 'KB-0316', 'TECLADO COLOR NEGRO-GRIS SERIE', 2),
(1792651, 'MXJ84801K0', 'C00194', 'HEWLETT PACKARD', 'DC7900', 'CPU COLOR NEGRO-GRIS CMT CORE ', 2),
(1792664, 'CNT902W0NQ', 'NC01423', 'HEWLETT PACKARD', 'HSTND-2511-T/V185WS', 'MONITOR NEGRO-GRIS DE 18.5" LC', 2),
(1792665, 'BC3370GLUWH741', 'NC01423', 'HEWLETT PACKARD', 'KB-0316', 'TECLADO NEGRO-GRIS SERIE BC337', 2),
(1792666, 'FB7330AN3WI1LC3', 'NC00988', 'HEWLETT PACKARD', 'M-SBF96', 'MOUSE DE TRES BOTONES COLOR NE', 2),
(1793140, 'MXJ84801J9', 'C00617', 'HEWLETT PACKARD', 'DC7900', 'CPU COLOR NEGRO-GRIS CMT CORE ', 2),
(1793141, 'CNT902W0NL', 'NC01423', 'HEWLETT PACKARD', 'V185WS/HSTND-2511-T', 'MONITOR HP 18.5" LCD COLOR NEG', 2),
(1793144, 'FB7330AN3WF3YAV', 'NC00972', 'HEWLETT PACKARD', 'M-SBF96', 'MOUSE COLOR NEGRO-GRIS TRES BO', 2),
(1793217, 'BC3370GLUWH3E8', 'NC00972', 'HEWLETT PACKARD', 'KB-0316', 'TECLADO COLOR NEGRO-GRIS SERIE', 2),
(1798973, 'C6U07EV4', 'C00194', 'SONY', 'VAIO', 'C.P.U. CON MONITOR INTEGRADO C', 2),
(1798974, 'M810LA83801137', 'NC00988', 'SONY VAIO', 'UKB3LA', 'TECLADO PARA COMPUTADORA PLATA', 2),
(1798975, '80834696', 'NC01423', 'SONY', 'VAIO', 'MOUSE COLOR PLATA SONY VAIO ', 2),
(1801796, 'MXJ9030FYV', 'C00194', 'HEWLETT PACKARD', 'DC7900', 'CPU COLOR GRIS No. SERIE MXJ90', 2),
(1801797, 'CNT917637F', 'NC00785', 'HEWLETT PACKARD', 'V185ES/HSTND-25117', 'MONITOR LCD DE 18.5" COLOR NEG', 2),
(1801825, 'BC3370GVBWQ6YD', 'NC00972', 'HEWLETT PACKARD', 'KB - 0316', 'TECLADO COLOR NEGRO - GRIS CON', 2),
(1801827, 'MXJ9030FWY', 'C00194', 'HEWLETT PACKARD', 'DC7900', 'CPU COLOR GRIS - NEGRO CON PRO', 2),
(1801829, 'CNT917627T', 'NC01423', 'HEWLETT PACKARD', 'V185ES/HSTND-2511T', 'MONITOR COLOR NEGRO PANTALLA L', 2),
(1812464, 'CNT920H0P2', 'NC01024', 'HP', 'V185ES', 'MONITOR DE COLOR HP DE LCD 18.', 2),
(1812468, 'CNT920H0P4', 'NC00972', 'HP', ' V185ES ', 'MONITOR DE COLOR HP DE LCD 18.', 2),
(1812471, '2UA9020M3Z', 'C00988', 'HP', 'XW4600 ', 'C.P.U.WORKSTATIÓN HP MOD.XW460', 2),
(1854349, 'Z8100784W', 'C00988', 'Toshiba', 'U4000-SP2908', 'LAPTOP MARCA TOSHIBA, MODELO S', 2),
(1856077, 'C4B84202', 'C00194', 'Acer', 'V193W', 'Monitor LCD 19"', 2),
(1856080, 'BC3370GVBWPOWF', 'C00972', 'Acer', 'KB0316', 'TECLADO PARA COMPUTADORA, MARC', 2),
(1869689, 'CNG899F9XZ', 'NC00972', 'HEWLETT PACKARD', 'M1120', 'IMPRESORA MULTIFUNCIONA HP MOD', 2),
(1871666, 'CN972A0661', 'C00194', 'HP', 'SCANJET N8420', 'CAMA PLANA, DUPLEX, 25 PPM Y 5', 2),
(1879913, 'MXJ94905MK', 'C00336', 'HP', 'KP721AV', 'CPU Marca HP dc 7900 SFF E8400', 2),
(1879993, 'S01-3003415-2', 'C00988', 'Sony Vaio', 'VPCCW15FL/B', 'Computadora portatil marca Son', 2),
(1880007, 'SCNGXB15372', 'C00336', 'HP', '5200TN', 'IMPRESORA LASERJET, MARCA HP, ', 2),
(1880072, 's/n', 'C00194', 'HP', 'SIN MODELO', 'Duplex hp para laser jet 5200', 2),
(1881018, '2UA9080S2G', 'C00785', 'HP', 'XW4600', 'C.P.U. HP MT CORE 2 DUO E8400,', 2),
(1881022, '2UA91410L9', 'C00194', 'HP', 'XW4600', 'C.P.U. HP MT CORE 2 DUO E8400,', 2),
(1881023, 'CNT939621W', 'NC00972', 'HP', 'V185ES', 'MONITOR DE COLOR HP NEGRO LCD ', 2),
(1882012, 'CNT94160C2', 'C00972', 'HP', 'H5TND-2511-T', 'MONITOR HP LCD DE 18.5”, MODEL', 2),
(1882013, 'BAUDU0HGAXY2XP', 'C00194', 'HP', 'KB0316', 'TECLADO MARCA HP, MODELO KB031', 2),
(1882014, 'FB7330A5BXV0O4H', 'C01423', 'HP', '417441-001', 'MOUSE MARCA HP, MODELO 417441-', 2),
(1882015, 'MXJ94905KZ', 'C00988', 'HP', 'DC 7900 SFF ', 'CPU MARCA HP, MODELO DC 7900 S', 2),
(1882017, 'MXJ949064Q', 'C00194', 'HP', 'DC 7900 SFF', 'CPU MARCA HPMODELO DC 7900 SFF', 2),
(1882018, 'MXJ9490699', 'C00194', 'HP', 'DC 7900', 'CPU MARCA HP, MODELO DC 7900 S', 2),
(1882019, 'MXJ94905PV', 'C00194', 'HP', 'DC 7900', 'CPU MARCA HPMODELO DC 7900 SFF', 2),
(1882022, 'CNT94160XR', 'C00194', 'HP', 'H5TND-2511-T', 'MONITOR HP LCD DE 18.5”, MODEL', 2),
(1882024, 'CNT941608J', 'C00972', 'HP', 'H5TND-2511-T', 'MONITOR HP LCD DE 18.5”, MODEL', 2),
(1882025, 'CNT941600F', 'C00972', 'HP', 'H5TND-2511-T,', 'MONITOR HP LCD DE 18.5”, MODEL', 2),
(1882027, 'CNT94160X2', 'C00972', 'HP', 'MODELO H5TND-2511-T', 'MONITOR HP LCD DE 18.5”, MODEL', 2),
(1882031, 'BAUDU0HGAXY2XO', 'C00972', 'HP', 'KB0316', 'TECLADO MARCA HP, MODELO KB031', 2),
(1882032, 'BAUDU0HVBY4C60', 'C01423', 'HP', 'KB0316', 'TECLADO MARCA HP, MODELO KB031', 2),
(1882035, 'BAUDU0HVBY4CJH', 'C01423', 'HP', 'KB0316', 'TECLADO MARCA HP, MODELO KB031', 2),
(1882046, 'FATSQ0CN3Y491H', 'C01423', 'HP', '417441-001', 'MOUSE MARCA HP, MODELO 417441-', 2),
(1882049, 'FB7330A5BXV0O4B', 'C00988', 'HP', '417441-001', 'MOUSE MARCA HP, MODELO 417441-', 2),
(1882050, 'FATSQ0C5DY4KUL', 'C01423', 'HP', '417441-001', 'MOUSE MARCA HP, MODELO 417441-', 2),
(1896254, 'SCNT944634W', 'NC00972', 'HP', 'V185 ES', 'MONITOR LCD, MARCA HP, DE 18.5', 2),
(1896260, 'SCNT944617Q', 'NC00972', 'HP', 'V185 ES', 'MONITOR LCD, MARCA HP, DE 18.5', 2),
(1896261, 'SCNT944634D', 'NC00972', 'HP ', 'V185 ES', 'MONITOR LCD, MARCA HP, DE 18.5', 2),
(1896263, 'SCNT9446351', 'NC00972', 'HP', 'V185 ES', 'MONITOR LCD, MARCA HP, DE 18.5', 2),
(1896264, 'SCNT95160FC', 'NC00972', 'HP', 'V185 ES', 'MONITOR LCD, MARCA HP, DE 18.5', 2),
(1896266, 'SCNT9446348', 'NC00972', 'HP', 'V185 ES', 'MONITOR LCD, MARCA HP, DE 18.5', 2),
(1896267, 'SCNT95161HX', 'C00520', 'HP', 'V185 ES', 'MONITOR LCD, MARCA HP, DE 18.5', 2),
(1896270, 'SCNT94460J5', 'NC00972', 'HP', 'V185 ES', 'MONITOR LCD, MARCA HP, DE 18.5', 2),
(1896272, 'SCNT944619D', 'NC00972', 'HP', 'V185 ES', 'MONITOR LCD, MARCA HP, DE 18.5', 2),
(1896274, 'SCNT95161HG', 'NC00972', 'HP', 'V185 ES', 'MONITOR LCD, MARCA HP, DE 18.5', 2),
(1896275, 'SCNT94463CW', 'NC00972', 'HP', 'V185 ES', 'MONITOR LCD, MARCA HP, DE 18.5', 2),
(1896276, 'SCNT94463CG', 'NC00972', 'HP', 'V185 ES', 'MONITOR LCD, MARCA HP, DE 18.5', 2),
(1896277, 'SCNT94463D5', 'NC00972', 'HP', 'V185ES', 'MONITOR LCD, MARCA HP, DE 18.5', 2),
(1907323, 'CNC005S0 SK', 'NC00972', 'HP', 'WS VI85ES', 'Pantalla LCD  HP 18.5" WS VI85', 2),
(1907324, 'CNC005S0 JV', 'NC00194', 'HP', 'WS VI85ES', 'Pantalla LCD  HP 18.5" WS VI85', 2),
(1907325, 'CNC005S0 G5', 'NC00972', 'HP', 'WS VI85ES', 'Pantalla LCD  HP 18.5" WS VI85', 2),
(1907326, 'CNC005S0 JS', 'NC00972', 'HP', 'WS VI85ES', 'Pantalla LCD  HP 18.5" WS VI85', 2),
(1907328, 'CNC005S0 NY', 'NC00972', 'HP', 'WS VI85ES', 'Pantalla LCD  HP 18.5" WS VI85', 2),
(1907329, 'CNC005S0 FV', 'NC01423', 'HP', 'WS VI85ES', 'Pantalla LCD  HP 18.5" WS VI85', 2),
(1907330, 'CNC005S0 C3', 'NC00972', 'HP', 'WS VI85ES', 'Pantalla LCD  HP 18.5" WS VI85', 2),
(1907331, 'CNC005S0 F5', 'NC00988', 'HP', 'WS VI85ES', 'Pantalla LCD  HP 18.5" WS VI85', 2),
(1907332, 'CNC005S0 F9', 'NC00972', 'HP', 'WS VI85ES', 'Pantalla LCD  HP 18.5" WS VI85', 2),
(1907333, 'CNC005S0 FX', 'NC00972', 'HP', 'WS VI85ES', 'Pantalla LCD  HP 18.5" WS VI85', 2),
(1907334, 'CNC005S0 FC', 'NC00972', 'HP', 'WS VI85ES', 'Pantalla LCD  HP 18.5" WS VI85', 2),
(1907335, 'CNC005S0 FP', 'NC00972', 'HP', 'WS VI85ES', 'Pantalla LCD  HP 18.5" WS VI85', 2),
(1907336, 'CNC005S0 FK', 'NC00972', 'HP', 'WS VI85ES', 'Pantalla LCD  HP 18.5" WS VI85', 2),
(1907337, 'CNC005S0 PZ', 'NC00972', 'HP', 'WS VI85ES', 'Pantalla LCD  HP 18.5" WS VI85', 2),
(1907338, 'CNC005S0 FJ', 'NC00972', 'HP', 'WS VI85ES', 'Pantalla LCD  HP 18.5" WS VI85', 2),
(1907339, 'CNC005S0 P2', 'NC00972', 'HP', 'WS VI85ES', 'Pantalla LCD  HP 18.5" WS VI85', 2),
(1907340, 'CNC005S1 51', 'NC00972', 'HP', 'WS VI85ES', 'Pantalla LCD  HP 18.5" WS VI85', 2),
(1907341, 'CNC005S1 B1', 'NC00972', 'HP', 'WS VI85ES', 'Pantalla LCD  HP 18.5" WS VI85', 2),
(1907342, 'CNC005S1 B0', 'NC00972', 'HP', 'WS VI85ES', 'Pantalla LCD  HP 18.5" WS VI85', 2),
(1907343, 'CNC005S1 4V', 'NC00972', 'HP', 'WS VI85ES', 'Pantalla LCD  HP 18.5" WS VI85', 2),
(1907344, 'CNC005S1 7B', 'NC00972', 'HP', 'WS VI85ES', 'Pantalla LCD  HP 18.5" WS VI85', 2),
(1907345, 'CNC005S1 4Z', 'NC00972', 'HP', 'WS VI85ES', 'Pantalla LCD  HP 18.5" WS VI85', 2),
(1907346, 'CNC005S1 50', 'NC00972', 'HP', 'WS VI85ES', 'Pantalla LCD  HP 18.5" WS VI85', 2),
(1907347, 'CNC005S1 B2', 'NC00194', 'HP', 'WS VI85ES', 'Pantalla LCD  HP 18.5" WS VI85', 2),
(1907348, 'CNC005S1 B3', 'NC00972', 'HP', 'WS VI85ES', 'Pantalla LCD  HP 18.5" WS VI85', 2),
(1907349, 'CNC005S1 B6', 'NC00972', 'HP', 'WS VI85ES', 'Pantalla LCD  HP 18.5" WS VI85', 2),
(1907350, 'CNC952Q K7V', 'NC00972', 'HP', 'WS VI85ES', 'Pantalla LCD  HP 18.5" WS VI85', 2),
(1907351, 'CNC952Q KHZ', 'NC00972', 'HP', 'WS VI85ES', 'Pantalla LCD  HP 18.5" WS VI85', 2),
(1907352, 'CNC952Q L7F', 'NC00972', 'HP', 'WS VI85ES', 'Pantalla LCD  HP 18.5" WS VI85', 2),
(1910191, 'Z1TV3CQZ402973', 'C01426', 'SAMSUNG', 'PL50C450', 'PANTALLA PLASMA MARCA SAMSUNG ', 2),
(1910192, 'Z1TV3CQZ402978', 'C01071', 'SAMSUNG', 'PL50C450', 'PANTALLA PLASMA MARCA SAMSUNG ', 2),
(1910831, 'MXJ01400NP', 'NC01423', 'HP COMPAQ', 'DC5850 SMALL', 'CPU ', 2),
(1910836, 'CNT001647S', 'NC00972', 'HP', 'LCD 18.5', 'PANTALLA DE COMPUTADORA LCD, D', 2),
(1910838, 'CNT001651H', 'NC00972', 'HP', 'MODELO LCD 18.5', 'PANTALLA DE COMPUTADORA LCD, D', 2),
(1910839, 'CNT00163GS', 'NC00972', 'HP', 'LCD 18.5', 'PANTALLA DE COMPUTADORA LCD, D', 2),
(1910840, 'CNT004614J', 'NC00972', 'HP', 'LCD 18.5 WS V185ES', 'PANTALLA DE COMPUTADORA LCD, D', 2),
(1912659, 'BAUDU0JLUYG729', 'NC00972', 'HP', 'SIN MODELO', 'TECLADO PARA COMPUTADORA, MARC', 2),
(1912661, 'MXJ01400ML', 'NC00194', 'HP', 'DC5850', 'CPU MARCA HP MODELO DC5850', 2),
(1913608, 'BAUDU0JLUYG71Y', 'NC01423', 'HP', 'SIN MODELO', 'TECLADO PARA COMPUTADORA, MARC', 2),
(1914314, 'CNT0046050', 'NC00972', 'HP', 'V185ES VGA', 'MONITOR COLOR LCD DE 18.5"', 2),
(1919277, 'V502727METU', 'C01403', 'Apple', 'A 1337', 'IPAD de 32 GB, color gris ', 2),
(1920732, 'CNF9B5CT8T', 'C01431', 'HP', 'CM23320NF MFP', 'IMPRESORA MULTIFUNCIONAL LASER', 2),
(1920905, 'CNGXB21694', 'C00194', 'HP', '5200 TH', 'IMPRESORA BLANCO/NEGRO', 2),
(1923451, 'MXL03210MB', 'NC00972', 'HP COMPAQ', '500BM/5400', 'CPU TORRE COLOR NEGRO, DE 1 GB', 2),
(1923452, 'PUAV1022001161', 'NC01423', 'HP COMPAQ', 'SIN MODELO', 'TECLADO PARA COMPUTADORA COLOR', 2),
(1923453, 'MXL03210PN', 'NC00972', 'HP COMPAQ', '500BM/E5400', 'CPU TORRE COLOR NEGRO, DE 1 GB', 2),
(1923454, 'PUAV1027000812', 'NC00194', 'HP COMPAQ', 'SIN MODELO', 'TECLADO PARA COMPUTADORA COLOR', 2),
(1923611, 'FCN00807303806', 'NC01426', 'ALCATEL', '4019', 'TELÉFONO MULTILÍNEAS ALCATEL L', 2),
(1923612, 'FCN00807801889', 'NC01426', 'ALCATEL', '4019', 'TELÉFONO MULTILÍNEAS ALCATEL L', 2),
(1932633, '27525440-3001587', 'C00336', 'SONY VAIO', 'PCG-11211U', 'C.P.U. CON MONITOR INTEGRADO S', 2),
(1932634, '148904311-3001977', 'C00194', 'SONY ', 'VPG-WKB11', 'TECLADO PARA COMPUTADORA INALA', 2),
(1932635, '0008-10-3229', 'C01423', 'SONY ', 'VPG-WM530', 'MOUSE MICROSOF USB OPTICO COLO', 2),
(1937071, 'CNGXC19893', 'C00336', 'HP', '5200TN', 'IMPRESORA LASERJET NEGRO, MODE', 2),
(1937152, 'W80249J2DB6', 'C00336', 'APPLE', 'A1312', 'COMPUTADORA IMAC 27" 3.20/2x2G', 2),
(1937156, 's/n', 'C00336', 'APPLE', 'A1314', 'TECLADO (COLOR BLANCO)', 2),
(1937158, '8B021HAW0GNMA', 'C00194', 'APPLE', 'A12963Vdc', 'MOUSE (COLOR BLANCO)', 2),
(1937160, 'W80411NVATN', 'C00988', 'APPLE', 'A1278', 'COMPUTADORA PORTATIL MACBOOK P', 2),
(1937515, 'XA485309Q', 'C00336', 'TOSHIBA', 'C645-SP4020M', 'LAPTOP COLOR NEGRO, DE 14"', 2),
(1937517, '9A088495Q', 'C00988', 'TOSHIBA', 'C645-SP4020M', 'LAPTOP COLOR NEGRO, DE 14"', 2),
(1937518, 'XA483246Q', 'C00785', 'TOSHIBA', 'C645-SP4020M', 'LAPTOP COLOR NEGRO DE 14"', 2),
(1937629, 'XA482501Q', 'C01423', 'TOSHIBA', 'C645-SP4020M', 'LAPTOP, COLOR NEGRO DE 14"', 2),
(1937695, '9A385210Q', 'C00336', 'TOSHIBA', 'C645-SP4020M', 'LAPTOP COLOR NEGRO DE 14", MAR', 2),
(1937711, '9A380533Q', 'C00336', 'TOSHIBA', 'C645-SP4020M', 'LAPTOP COLOR NEGRO DE 14"', 2),
(1986634, 'PSVAVP900113402EBD9200', 'NC01527', 'ACER', 'VX490G', 'CPU, ACER', 2),
(1986637, 'KBPS20P156110006A4K701', 'NC00194', 'ACER', 'PR1101', 'TECLADO PARA COMPUTADORA, COLO', 2),
(1986641, 'PSVAVP90011370870D9200', 'NC00972', 'ACER', 'VX490G', 'CPU COLOR NEGRO', 2),
(1988398, 'ETLPLOW001133067D54304', 'NC00194', 'ACER', 'G185HVB', 'PANTALLA PARA COMPUTADORA PLAN', 2),
(1989432, 'CNC54101DW ', 'C00336', 'HP', 'L1906 ', 'MONITOR DE COLOR\r\n', 2),
(1991535, 'C02GLQWWDV14', 'C00972', 'APPLE', 'A1278', 'MACBOOK PRO 13.3 IC I7 2.8GHZ,', 2),
(2047952, 'MXL20803VN', 'C00336', ' HP', 'ELITE 8200', 'HP MODELO ELITE 8200', 2),
(2048977, ' 8CQ34V1', 'C00937', ' DELL', 'VOSTRO 260', 'CPU DELL VOSTRO 260 1GB,  DESK', 2),
(2048978, 'CN0YPY4N6418024P04FL', 'NC01071', ' DELL', 'ST 2220L', 'PANTALLA PLANA LCD DE 22" VGA,', 2),
(2049515, 'JJ7Z4V1', 'C00937', 'DELL', 'INSPIRON 660S ', 'CPU EQUIPO DE COMPUTO COLOR NE', 2),
(2049516, ' CN0X6M0J7287222A268M', 'NC01071', ' DELL', 'E1912HF', 'PANTALLA PLANA LCD DE 19" COLO', 2),
(2058160, 's/n', 'NC00988', 'SANDISK', 'STICK PRO DUO 4 GB', 'MEMORIA MARCA SANDISK MEMORY S', 2),
(2058194, 'CN11460670', 'NC00972', 'HP', 'G33', 'MOUSE INALÁMBRICO COLOR NEGRO,', 2),
(2074287, 'MJXEMEF', 'C00972', ' DELL', 'THINKCENTRE M92P', 'CPU VERTICAL COLOR NEGRO, PROC', 2),
(2075612, 'CNC5403GHT', 'C00937', 'HP', 'HSTND2A08', 'MONITOR DE COLOR DE 19" GRIS/N', 2),
(2111918, 'FCN01301611732', 'NC01426', ' ALCATEL', ' 4019', 'TELEFONO ALCATEL LUCENT, COLOR', 2),
(2111919, ' FCN01301615995', 'NC01426', ' ALCATEL', '4019', 'TELEFONO ALCATEL LUCENT, COLOR', 2),
(2111920, 'FCN01301612036', 'NC01426', ' ALCATEL', '4019', 'TELEFONO ALCATEL LUCENT, COLOR', 2),
(2111921, 'FCN01301616024', 'NC01426', ' ALCATEL', '4019', 'TELEFONO ALCATEL LUCENT, COLOR', 2),
(2112800, 'AB9775970', 'C00194', 'XERON ', 'PHASER 6700', 'VELOCIDAD DE IMPRESION HASTA 4', 2),
(2118084, '12450881905C', 'C01426', 'ENTERASYS', 'WS-AP3705I', 'EQUIPO PUNTO DE ACCESO INALAMB', 2),
(2118749, ' ZUJAHTQD100201', 'NC01423', 'SAMSUNG', 'S23B300B', 'PANTALLA PLANA LED 23"  COLOR ', 2),
(2133672, 'FCN01309910724', 'NC01426', 'ALCATEL', '4019', 'TELEFONO ALCATEL-LUCENT, GRIS ', 2),
(2133673, 'FCN01309910692', 'NC01426', 'ALCATEL', '4019', 'TELEFONO ALCATEL-LUCENT, GRIS ', 2),
(2149769, 'DLXL83KLF193', 'C00194', 'APPLE', 'A1432', 'IPAD MINI WI-FI 16GB BLACK SPA', 2),
(2151554, '545982760100759', 'C00019', 'SONY VAIO', 'SVD13215PLB', 'COMPUTADORA PORTATIL DUO 13, P', 2),
(2151766, '1S3238A8SMJ41BF9', 'C00785', 'LENOVO', 'THINKCENTRE', 'C.P.U. MINI, COLOR NEGRO', 2),
(2151767, '1S3238A8SMJ41BK5', 'C00194', 'LENOVO', 'THINKCENTRE', 'C.P.U. MINI, COLOR NEGRO', 2),
(2151768, '1S3238A8SMJ97D1Z', 'C00194', 'LENOVO', 'THINKCENTRE', 'C.P.U. MINI, COLOR NEGRO', 2),
(2151769, '1S3238A8SMJ97D1W', 'C00194', 'LENOVO', 'THINKCENTRE', 'C.P.U, MINI, COLOR NEGRO', 2),
(2151770, '1S3238A8SMJ41BC2', 'C00194', 'LENOVO', 'THINKCENTRE', 'C.P.U. MINI, COLOR NEGRO', 2),
(2151986, 'Z7N3HCLD900030F', 'NC01071', 'SAMSUNG', 'LS23C350', 'MONITOR LED 23" VGA COLOR NEGR', 2),
(2151987, 'Z7N3HCLD900046J', 'NC00972', 'SAMSUNG', 'LS23C350', 'MONITOR LED 23" VGA COLOR NEGR', 2),
(2151988, 'Z7N3HCLD900011L', 'NC00972', 'SAMSUNG', 'LS23C350', 'MONITOR LED 23" VGA COLOR NEGR', 2),
(2158980, 'FCN133800655', 'C01368', ' ALCATEL LUCENT', ' 8082', 'APARATOS ALCATEL-LUCENT OMNITO', 2),
(2161736, '13491802915R', 'C01368', 'ENTERASYS', 'WS-AP3705I', 'DUAL RADIO 11AGN 2X2:2 MIMO IN', 2),
(2166057, 'TFA134624276', 'NC00972', 'VIEW SONIC', 'VS15052', 'LED 22 30M1 FULLHD HDMI DVI VG', 2),
(2166058, 'TFA134624543', 'NC00972', 'VIEW SONIC', 'VS15052', 'LED 22 30M1 FULLHD HDMI DVI VG', 2),
(2166059, 'TFA134624736', 'NC00972', 'VIEW SONIC', 'VS15052', 'LED 22 30M1 FULLHD HDMI DVI VG', 2),
(2166060, 'DTVFMAL00731605C1B9200 ', 'C00336', 'ACER ', 'X4620G', 'VERITON VX4620G-MO38W CI5-3330', 2),
(2166061, 'DTVFMAL00731605C339200', 'C00194', 'ACER', 'X4620G', 'VERITON VX4620G-MO38W CI5-3330', 2),
(2166062, 'DTVFMAL00731605C689200 ', 'C00194', 'ACER ', 'X4620G ', 'VERITON VX4620G-MO38W CI5-3330', 2),
(2166932, 'C02LXAW5FH01', 'C00336', 'MACBOOK PRO', 'A1502', 'RETINA 13 2.6GHZ I5 DC 8GB 512', 2),
(2188973, '404RMGCDT439', 'C00194', 'LG Electronics', '60LB6100', 'TELEVISOR PANTALLA PLANA LED, ', 2),
(2194835, 'DTVKBAL00341800A159600', 'C00194', 'ACER', 'VERITON X2631G', 'CPU VERTICAL COLOR NEGRO', 2),
(2194836, 'DTVKBAL00341800A729600', 'C00194', 'ACER', 'VERITON X2631G', 'CPU VERTICAL COLOR NEGRO', 2),
(2194837, 'DTVKBAL00341800A959600', 'C00194', 'ACER', 'VERITON X2631G', 'CPU VERTICAL COLOR NEGRO', 2),
(2194838, 'DTVKBAL00341800A0A9600', 'C00194', 'ACER', 'VERITON X2631G', 'CPU VERTICAL COLOR NEGRO', 2),
(2197295, ' FCN01416510436', 'NC01426', 'ALCATEL', '4019', 'TELEFONO MULTILINEA, DIGITAL, ', 2),
(2197296, 'FCN01416510453', 'NC01426', 'ALCATEL', '4019', 'TELEFONO ALCATEL-LUCENT, DIGIT', 2),
(2197297, 'FCN01416510278', 'NC01426', 'ALCATEL', '4019', 'TELEFONO ALCATEL-LUCENT, DIGIT', 2),
(2197298, 'FCN01416510253', 'NC01426', 'ALCATEL', '4019', 'TELEFONO ALCATEL-LUCENT, DIGIT', 2),
(2197299, 'FCN01416510366', 'NC01426', 'ALCATEL', '4019', 'TELEFONO ALCATEL-LUCENT, DIGIT', 2),
(2197300, 'FCN01416510299', 'NC01426', 'ALCATEL', '4019', 'TELEFONO ALCATEL-LUCENT, DIGIT', 2),
(2201538, 'MMLXMAA0014150657B4200', 'NC00972', ' ACER', ' V246HL BD', 'PANTALLA PLANA PARA COMPUTADOR', 2),
(2201539, 'MMLXMAA001415068C74200', 'NC00972', ' ACER', ' V246HL BD', 'PANTALLA PLANA PARA COMPUTADOR', 2),
(2214279, 'FCN01409412174', 'NC01426', 'ALCATEL', '4019', 'TELEFONO MULTILINEA, DIGITAL, ', 2),
(2214280, 'FCN01413611451', 'NC01426', 'ALCATEL', '4019', 'TELEFONO MULTILINEA, DIGITAL, ', 2),
(2214281, 'FCN01409412131', 'NC01426', 'ALCATEL', '4019', 'TELEFONO MULTILINEA, DIGITAL, ', 2),
(2214282, 'FCN01409412144', 'NC01426', 'ALCATEL', '4019', 'TELEFONO MULTILINEA, DIGITAL, ', 2),
(2214283, 'FCN01409411173', 'NC01426', 'ALCATEL', ' 4019', 'TELEFONO MULTILINEA, DIGITAL, ', 2),
(2214284, 'FCN01413610297', 'NC01426', 'AL', '4019', 'TELEFONO MULTILINEA, DIGITAL, ', 2),
(2214285, 'FCN01409411162', 'NC01426', 'ALCATEL', '4019', 'TELEFONO MULTILINEA, DIGITAL, ', 2),
(2214286, 'FCN01413610293', 'NC01426', 'ALCATEL', '4019', 'TELEFONO MULTILINEA, DIGITAL, ', 2),
(2214287, 'FCN01409412178', 'NC01426', 'ALCATEL', '4019', 'TELEFONO MULTILINEA, DIGITAL, ', 2),
(2214288, 'FCN01409411160', 'NC01426', ' ALCATEL', '4019', 'TELEFONO MULTILINEA, DIGITAL, ', 2),
(2214289, 'FCN01409411163', 'NC01426', 'ALCATEL', '4019', 'TELEFONO MULTILINEA, DIGITAL, ', 2),
(2214290, 'FCN01413610515', 'NC01426', 'ALCATEL', '4019', 'TELEFONO MULTILINEA, DIGITAL, ', 2),
(2222006, 'WX11D4454271', 'NC01024', ' WD', 'WDBCTL0060HWT', 'DISCO DURO EXTERNO DE 6 TB COL', 2),
(2222658, ' DTVKBAL003436003209600', 'C01264', ' ACER', 'VERITON VX2631G', 'CPU VERTICAL, COLOR NEGRO, DE ', 2),
(2222659, 'DTVKBAL003436003189600', 'C00194', 'ACER', 'VERITON VX2631G', 'CPU VERTICAL, COLOR NEGRO, DE ', 2),
(2222660, 'DTVKBAL0034360031A9600', 'C00194', ' ACER', 'VERITON VX2631G', 'CPU VERTICAL, COLOR NEGRO, DE ', 2),
(2222661, 'DTVKBAL003436003129600', 'C00194', ' ACER', 'VERITON X2631G', 'CPU VERTICAL, COLOR NEGRO, DE ', 2),
(2222662, 'DTVKBAL003436002D19600', 'C00194', ' ACER', 'VERITON VX2631G', 'CPU VERTICAL, COLOR NEGRO, DE ', 2),
(2226082, 'ZXYN121DA00607 ', 'C00495', 'SAMSUNG', 'HT-F5530K ', 'REPRODUCTOR  BLU-RAY 3D, CON S', 2),
(2254218, ' DTVKBAL0034510CB729600', 'C00194', 'ACER', 'VERITON VX2631G-SI413F', 'CPU VERTICAL COLOR NEGRO ', 2),
(2256458, 'DTVKBAL00344908CBC9600', 'C00785', 'ACER', 'VERITON  VX2631G-SI413F', 'CPU VERTICAL COLOR NEGRO ', 2),
(2262215, '503NDVWD1983', 'C00336', 'LG', '24M37H', 'MONITOR LED DE 24",WIDESCREEN,', 2),
(2262216, '076QBJDFA0004XK', 'C01071', 'SAMSUNG', 'SL-M2885FW/XAX', 'MULTIFUNCIONAL LASER MONO PRIN', 2),
(2262217, '06YBB8KG2C0028R', 'NC00972', 'SAMSUNG', 'SL-M2070', 'MULTIFUNCIONAL LASER 21PPM COL', 2),
(2262277, '503NDBPD2005', 'C00194', 'LG', '24M37H', 'MONITOR LED DE 24" WIDESCREEN,', 2),
(2263920, '25ABPWRLT XR6 HDKFB02AZA0', 'NC00785', 'TOSHIBA', ' MQ01ABB200', 'DISCO DURO INTERNO SATA DE 2 T', 2),
(2268121, 'C02PC0P8G940', 'C00972', 'APPLE', 'MACBOOK AIR', 'MACBOOK AIR 13.3 I5DC 1.6 GHZ.', 2),
(2270537, 'R300MQQX ', 'C00194', ' LENOVO', 'H30-00 CELERON DC J1800', 'CPU VERTICAL NEGRO ', 2),
(2270597, '505NTAB1E056', 'NC00972', 'LG', '24M37', 'MONITOR LED 24" WIDESCEEN NEGR', 2),
(2291481, 'FCN01431512948', 'NC01426', 'ALCATEL', '4019', 'TELEFONO MULTILINEA DIGITAL, C', 2),
(2291482, 'FCN01502811005', 'NC00205', 'ALCATEL', '4019', 'TELEFONO MULTILINEA DIGITAL, C', 2),
(2291483, 'FCN01503212411', 'NC01426', 'ALCATEL', '4019', 'TELEFONO MULTILINEA DIGITAL, C', 2),
(2295308, '359307066124120', 'C01426', 'APPLE', 'IPHONE 6', 'CELULAR, INCLUYE: ACCESORIOS. ', 2),
(2295997, ' 06Y8B8GFAE00NSZ', 'NC00972', 'SAMSUNG', 'SL-C410W', 'IMPRESORA LASER A COLOR INALAM', 2),
(2299570, 'DTSXLAL003514A1C9A3000', 'C00194', 'ACER', 'ASPIRE XC-705', 'C.P.U.VERTICAL COLOR NEGRO', 2),
(2299571, 'DTSXLAL003514A1CD23000 ', 'C00194', 'ACER', 'ASPIRE XC-705', 'C.P.U.VERTICAL COLOR NEGRO', 2),
(2299572, 'DTSXLAL003514A1C223000', 'C00194', 'ACER', 'ASPIRE XC-705', 'C.P.U.VERTICAL COLOR NEGRO', 2),
(2299573, 'DTSXLAL003514A1C843000', 'C00194', 'ACER', 'ASPIRE XC-705', 'C.P.U.VERTICAL COLOR NEGRO', 2),
(2302249, 'MMT0CAN00151206A528521', 'NC00972', 'ACER', 'K202HQL', 'MONITOR PLANO LED HD DE 19.5" ', 2),
(2302250, 'MMT0CAN00151206A488521', 'NC00972', 'ACER', 'K202HQL ', 'MONITOR PLANO LED HD DE 19.5" ', 2),
(2302251, 'MMT0CAN001512068838521', 'NC00972', 'ACER', 'K202HQL', 'MONITOR PLANO LED HD DE 19.5" ', 2),
(2302340, 'MMT0CAN001512068658521', 'NC00972', 'ACER', 'K202HQL', 'MONITOR PLANO LED HD DE 19.5" ', 2),
(2313123, 'RTC153215505', 'C01426', 'ALCATEL', '8232 ', 'TELEFONO INALAMBRICO DECT INCL', 2),
(2316186, 'DTSXLAL003514A1B913000', 'C00785', 'ACER', ' ASPIRE XC-705', 'CPU DE 6GB 1TB VERTICAL COLOR ', 2),
(2316187, 'DTSXLAL003514A1C883000', 'C00194', 'ACER', 'ASPIRE XC-705', 'CPU DE 6GB 1TB VERTICAL COLOR ', 2),
(2318047, '508NTWGDJ673', 'C00972', 'LG', '22M37A', 'PANTALLA PLANA 21.5" COLOR NEG', 2),
(2318048, '508NTRLDJ654', 'NC00972', 'LG', '22M37A', 'PANTALLA PLANA 21.5" COLOR NEG', 2),
(2318074, 'R3011K8V', 'C00194', 'LENOVO', 'H30-50', 'CPU COLOR NEGRO VERTICAL', 2),
(2318075, 'R3011K9H', 'C00194', 'LENOVO', 'H30-50 ', 'CPU COLOR NEGRO VERTICAL', 2),
(2319372, 'MMT0CAN001512065E48521', 'NC00785', 'ACER', 'K202HQL', 'MONITOR PLANO DE 19.5" COLOR N', 2),
(2319645, 'CNDF518129', 'C00194', 'HP', 'M451DW', 'IMPRESORA LASERJET PRO 400, TE', 2),
(2332036, 'F3N0WU047590107', 'C00785', ' ASUS', 'F455L', 'COMPUTADORA PORTATIL DE 14" DE', 2),
(2343571, '0N4EHTQG900070A', 'C00194', ' SAMSUNG', 'S27E390H ', 'PANTALLA PLANA LED 27 PULGADAS', 2),
(2362799, 's/n', 'NC00495', 'KINSTONG', 'DTSE9', 'MEMORIA USB DE 8 GB COLOR PLAT', 2),
(2362806, 's/n', 'NC01527', 'KINSTONG', 'DTSE9', 'MEMORIA USB DE 8 GB COLOR PLAT', 2),
(2371464, 'CNB8H794W7', 'C00972', 'HP', 'M225DW', 'IMPRESORA MULTIFUNCIONAL LASER', 2),
(3014402, ' 160100417', 'NC00495', ' KOBLENZ', '10017', '  NO BREAK DE  1000VA/500W, CO', 2),
(3015446, 'DLXRC0RYGHMP', 'C00785', 'APPLE', 'A1550', 'MINI IPAD DE 4", COLOR PLATA D', 2),
(3030338, 'VNB3H02231', 'NC01527', 'HEWLETT-PACKARD', 'MD201DW', ' IMPRESORA LASER JET 26 PPM, D', 2),
(3032949, 'CNDCJ980VK', 'C00336', 'HP', 'M605DN', 'LASERJET.', 2),
(3067806, '17UAT67DTMAE ', 'NC00785', ' TOSHIBA', 'MODELO DTB320', 'DISCO DURO EXTERNO DE 02 TB, C', 2),
(3071782, '161118217', 'NC01024', 'KOBLENZ', '9011 USB/R', 'SISTEMA DE RESPALDO DE ENERGIA', 2),
(3071783, '151034583 ', 'NC01426', ' KOBLENZ', '9011 USB/R', 'SISTEMA DE RESPALDO DE ENERGIA', 2);

-- --------------------------------------------------------

--
-- Table structure for table `categoria_ticket`
--

CREATE TABLE `categoria_ticket` (
  `id_cat` int(11) NOT NULL,
  `categoria` varchar(45) DEFAULT NULL
) ENGINE=InnoDB DEFAULT CHARSET=utf8;

--
-- Dumping data for table `categoria_ticket`
--

INSERT INTO `categoria_ticket` (`id_cat`, `categoria`) VALUES
(1, 'Correo Electronico'),
(2, 'Bases de Datos'),
(3, 'Software'),
(4, 'Hardware'),
(5, 'Red e Internet'),
(6, 'Impresoras'),
(7, 'Telefonia'),
(8, 'Documentos y Formatos'),
(9, 'Sistema de Incidencias'),
(10, 'Otros');

-- --------------------------------------------------------

--
-- Table structure for table `clasificacion_activos`
--

CREATE TABLE `clasificacion_activos` (
  `id_clasificacion` varchar(10) NOT NULL,
  `clasificacion` text NOT NULL
) ENGINE=InnoDB DEFAULT CHARSET=latin1;

--
-- Dumping data for table `clasificacion_activos`
--

INSERT INTO `clasificacion_activos` (`id_clasificacion`, `clasificacion`) VALUES
('11', 'All-in-One'),
('6', 'Impresora'),
('7', 'Bocinas'),
('9', 'Regulador'),
('C00194', 'C.P.U.'),
('C00336', 'Computadora Portatil'),
('C00495', 'Disco Duro'),
('C00617', 'Escaner'),
('C00972', 'Monitor'),
('C00988', 'Mouse'),
('C01024', 'No-Break'),
('C01423', 'Teclado para Computadora'),
('C01426', 'Telefono'),
('ER05066', 'Reloj Checador');

-- --------------------------------------------------------

--
-- Table structure for table `dependencias`
--

CREATE TABLE `dependencias` (
  `id_dependencia` int(10) NOT NULL,
  `nombre_dependencia` varchar(50) COLLATE utf8_spanish_ci NOT NULL,
  `abreviatura` text CHARACTER SET latin1 NOT NULL
) ENGINE=InnoDB DEFAULT CHARSET=utf8 COLLATE=utf8_spanish_ci;

--
-- Dumping data for table `dependencias`
--

INSERT INTO `dependencias` (`id_dependencia`, `nombre_dependencia`, `abreviatura`) VALUES
(1, 'Soporte Tecnico', 'SIS'),
(2, 'Direccion', 'DIR'),
(3, 'Coordinacion de Normatividad Universitaria', 'CNU'),
(4, 'Unidad de Reglamentos', 'UR'),
(5, 'Unidad de Apoyo a Organos Colegiados', 'UAOC'),
(6, 'Coordinación Juridica', 'CJ'),
(7, 'Unidad de Asuntos Laborales', 'LABORAL'),
(8, 'Unidad de Asuntos Penales', 'UAP'),
(9, 'Unidad de Convenios y Contratos', 'CyC'),
(10, 'Unidad de Procedimientos y Asesoria Juridica', 'UPAJ'),
(11, 'Coordinacion de Enlace a la Red Universitaria', 'CERU'),
(12, 'Unidad de Servicios Migratorios', 'USM'),
(13, 'Unidad de Capacitacion', 'UC'),
(14, 'Unidad de Proteccion a la Propiedad Intelectual', 'UPPI');

-- --------------------------------------------------------

--
-- Table structure for table `estacion_trabajo`
--

CREATE TABLE `estacion_trabajo` (
  `id_estacion` int(5) NOT NULL,
  `coordenada` varchar(15) NOT NULL
) ENGINE=InnoDB DEFAULT CHARSET=latin1;

-- --------------------------------------------------------

--
-- Table structure for table `estado_activo`
--

CREATE TABLE `estado_activo` (
  `id` int(11) NOT NULL,
  `estado` varchar(45) DEFAULT NULL
) ENGINE=InnoDB DEFAULT CHARSET=latin1;

--
-- Dumping data for table `estado_activo`
--

INSERT INTO `estado_activo` (`id`, `estado`) VALUES
(1, 'activo'),
(2, 'Almacenado'),
(3, 'fuera de servicio'),
(4, 'En reparacion');

-- --------------------------------------------------------

--
-- Table structure for table `h_ticket`
--

CREATE TABLE `h_ticket` (
  `id` int(11) NOT NULL,
  `folio` int(11) DEFAULT NULL,
  `categoria` int(11) DEFAULT NULL,
  `estatus` int(11) DEFAULT NULL,
  `usr` int(11) DEFAULT NULL,
  `asignado` int(11) DEFAULT NULL,
  `mensaje` text,
  `fecha` varchar(15) DEFAULT NULL,
  `hora` varchar(15) DEFAULT NULL
) ENGINE=InnoDB DEFAULT CHARSET=latin1;

--
-- Dumping data for table `h_ticket`
--

INSERT INTO `h_ticket` (`id`, `folio`, `categoria`, `estatus`, `usr`, `asignado`, `mensaje`, `fecha`, `hora`) VALUES
(1, 3, NULL, 2, 10001, 10001, NULL, '29-09-2017', '16:41:48'),
(2, 3, 8, 0, 10001, NULL, NULL, '29-09-2017', '17:59:08'),
(3, 3, 9, 0, 10001, NULL, NULL, '29-09-2017', '17:59:16'),
(4, 3, 0, 4, 10001, NULL, NULL, '29-09-2017', '18:01:10'),
(5, 3, NULL, 5, 10001, NULL, 'Se modifico el archivo PHP.ini, asi como el archivo Sendmail.ini para con la configuracion del servidor de correos de Google', '29-09-2017', '18:02:07'),
(6, 2, NULL, 2, 10001, 10001, NULL, '29-09-2017', '20:16:53'),
(7, 2, 9, 0, 10001, NULL, NULL, '29-09-2017', '20:17:10'),
(8, 2, 2, 0, 10001, NULL, NULL, '29-09-2017', '20:17:24'),
(9, 2, 0, 3, 10001, NULL, NULL, '29-09-2017', '20:17:38'),
(10, 1, 9, 0, 10001, NULL, NULL, '29-09-2017', '21:42:31'),
(11, 1, NULL, 5, 10001, NULL, 'El Servidor se daño gravemente, fue necesario migrar el sistema de manera local, y provisionalmente.', '29-09-2017', '21:43:26');

-- --------------------------------------------------------

--
-- Table structure for table `imagen`
--

CREATE TABLE `imagen` (
  `id_imagen` smallint(6) NOT NULL,
  `anchura` smallint(6) NOT NULL,
  `altura` smallint(6) NOT NULL,
  `tipo` char(15) NOT NULL,
  `imagen` mediumblob NOT NULL
) ENGINE=InnoDB DEFAULT CHARSET=latin1;

-- --------------------------------------------------------

--
-- Table structure for table `movimientos_activos`
--

CREATE TABLE `movimientos_activos` (
  `movimiento` int(10) NOT NULL,
  `activo` int(10) NOT NULL,
  `area` int(10) NOT NULL,
  `fecha_movimiento` text NOT NULL
) ENGINE=InnoDB DEFAULT CHARSET=latin1;

-- --------------------------------------------------------

--
-- Table structure for table `puesto_usr`
--

CREATE TABLE `puesto_usr` (
  `id` int(11) NOT NULL,
  `puesto` varchar(45) NOT NULL
) ENGINE=InnoDB DEFAULT CHARSET=latin1;

--
-- Dumping data for table `puesto_usr`
--

INSERT INTO `puesto_usr` (`id`, `puesto`) VALUES
(1, 'Administrativo'),
(2, 'Directivo'),
(3, 'Jefe de Unidad'),
(4, 'Coordinador'),
(5, 'Servicio Social'),
(6, 'Practicas Profesionales');

-- --------------------------------------------------------

--
-- Table structure for table `rol`
--

CREATE TABLE `rol` (
  `id_rol` int(10) NOT NULL,
  `rol` varchar(15) NOT NULL
) ENGINE=InnoDB DEFAULT CHARSET=latin1;

--
-- Dumping data for table `rol`
--

INSERT INTO `rol` (`id_rol`, `rol`) VALUES
(1, 'administrador'),
(2, 'usuario'),
(3, 'coordinador');

-- --------------------------------------------------------

--
-- Table structure for table `sintomas`
--

CREATE TABLE `sintomas` (
  `id` int(10) NOT NULL,
  `ticket` int(10) NOT NULL,
  `sintoma` varchar(50) NOT NULL
) ENGINE=InnoDB DEFAULT CHARSET=latin1;

-- --------------------------------------------------------

--
-- Table structure for table `situacion_activos`
--

CREATE TABLE `situacion_activos` (
  `id_situacion` int(5) NOT NULL,
  `situacion` varchar(25) NOT NULL,
  `descripcion` varchar(100) DEFAULT NULL
) ENGINE=InnoDB DEFAULT CHARSET=latin1;

--
-- Dumping data for table `situacion_activos`
--

INSERT INTO `situacion_activos` (`id_situacion`, `situacion`, `descripcion`) VALUES
(1, 'Buen Estado', NULL),
(2, 'Estado Regular', NULL),
(3, 'Mal Estado', NULL),
(4, 'Falta piezas', NULL),
(5, 'Inoperante', NULL);

-- --------------------------------------------------------

--
-- Table structure for table `situacion_ticket`
--

CREATE TABLE `situacion_ticket` (
  `id` int(10) NOT NULL,
  `situacion` varchar(15) NOT NULL,
  `descripcion` varchar(250) NOT NULL
) ENGINE=InnoDB DEFAULT CHARSET=latin1;

--
-- Dumping data for table `situacion_ticket`
--

INSERT INTO `situacion_ticket` (`id`, `situacion`, `descripcion`) VALUES
(1, 'Abierto', ''),
(2, 'Asigado', ''),
(3, 'En Proceso', ''),
(4, 'Resuelto', ''),
(5, 'Cerrado', ''),
(6, 'Pendiente', '');

-- --------------------------------------------------------

--
-- Table structure for table `situacion_usuarios`
--

CREATE TABLE `situacion_usuarios` (
  `id` int(10) NOT NULL,
  `situacion` varchar(10) NOT NULL,
  `descripcion` varchar(150) NOT NULL
) ENGINE=InnoDB DEFAULT CHARSET=latin1;

--
-- Dumping data for table `situacion_usuarios`
--

INSERT INTO `situacion_usuarios` (`id`, `situacion`, `descripcion`) VALUES
(1, 'activo', 'Es es estatus que se le da a los usuarios que actualmetne laboran en la OAG'),
(2, 'Licencia', 'Cuando el usuario dejara de presentarse a la oficina por un tiempo determinado'),
(3, 'incapacida', '');

-- --------------------------------------------------------

--
-- Table structure for table `ticket`
--

CREATE TABLE `ticket` (
  `folio` int(10) NOT NULL,
  `fecha_inicio` text NOT NULL,
  `hora_inicio` text NOT NULL,
  `usr_reportante` int(10) NOT NULL,
  `usr_incidente` int(10) DEFAULT NULL,
  `activo_incidente` int(10) DEFAULT NULL,
  `categoria` int(10) NOT NULL,
  `titulo` varchar(100) DEFAULT NULL,
  `Descripcion` varchar(250) NOT NULL,
  `estatus` int(10) NOT NULL,
  `prioridad` varchar(15) NOT NULL,
  `fecha_cierre` text,
  `hora_cierre` text,
  `usr_asignado` int(10) NOT NULL,
  `fecha_asignado` text NOT NULL,
  `hora_asignado` text NOT NULL
) ENGINE=InnoDB DEFAULT CHARSET=latin1;

--
-- Dumping data for table `ticket`
--

INSERT INTO `ticket` (`folio`, `fecha_inicio`, `hora_inicio`, `usr_reportante`, `usr_incidente`, `activo_incidente`, `categoria`, `titulo`, `Descripcion`, `estatus`, `prioridad`, `fecha_cierre`, `hora_cierre`, `usr_asignado`, `fecha_asignado`, `hora_asignado`) VALUES
(1, '28-09-2017', '21:53:48', 10001, 10001, NULL, 9, 'El servidor se Daño :(', ':(', 5, '', '29-09-2017', '21:43:26', 0, '', ''),
(2, '29-09-2017', '15:52:41', 10001, 10001, NULL, 2, 'Modificar Base Del File', 'registrar dos campos mas a la base de datos del file', 3, '', NULL, NULL, 10001, '29-09-2017', '20:16:53'),
(3, '29-09-2017', '15:54:45', 10001, 10001, NULL, 9, 'no se estan enviando correos ', 'No me estan llegando correos al levantar incidentes', 5, '', '29-09-2017', '18:02:07', 10001, '29-09-2017', '16:41:48');

-- --------------------------------------------------------

--
-- Table structure for table `usuario`
--

CREATE TABLE `usuario` (
  `codigo` int(10) NOT NULL,
  `nombre` varchar(25) NOT NULL,
  `apellido` varchar(25) NOT NULL,
  `usuario` varchar(15) NOT NULL,
  `password` varchar(50) NOT NULL,
  `dependencia` int(10) NOT NULL,
  `cubiculo` int(10) NOT NULL,
  `puesto` varchar(50) NOT NULL,
  `rol` int(10) NOT NULL,
  `estatus` int(10) NOT NULL,
  `fecha_alta` varchar(10) NOT NULL,
  `fecha_baja` varchar(10) DEFAULT '',
  `extension` int(5) NOT NULL,
  `correo` varchar(50) NOT NULL,
  `foto` varchar(50) DEFAULT NULL
) ENGINE=InnoDB DEFAULT CHARSET=latin1;

--
-- Dumping data for table `usuario`
--

INSERT INTO `usuario` (`codigo`, `nombre`, `apellido`, `usuario`, `password`, `dependencia`, `cubiculo`, `puesto`, `rol`, `estatus`, `fecha_alta`, `fecha_baja`, `extension`, `correo`, `foto`) VALUES
(10001, 'Luis Daniel', 'Mora Carbajal', 'danimc', '123', 1, 1, '1', 1, 1, '28/03/2017', NULL, 11570, 'luis.mora@redudg.udg.mx', 'img/usr/danimc.jpg'),
(10002, 'Saul Abraham', 'Torres Rodriguez', 'satoro', 'abc123', 2, 0, '1', 1, 1, '25-07-2017', '', 11570, 'saul.torres@redudg.udg.mx', 'img/usr/satoro.jpeg'),
(10025, 'Alberto', 'Casillas Carvajal', 'nano', '123', 1, 0, '1', 1, 1, '14-08-2017', '', 11571, 'alberto.casillas@redudg.udg.mx', 'img/usr/nano.jpg'),
(10026, 'Aransazu', 'Fernandez', 'Ara', '123', 3, 0, '5', 1, 1, '14-08-2017', '', 11596, 'aranzasu@hotmail.com', 'img/usr/Ara.jpg'),
(2007371, 'Herlinda  ', 'López Garza', 'Herlinda.López', '123', 14, 0, '1', 2, 1, '27/09/2017', 'NULL', 0, '0', 'NULL'),
(2009927, 'Francisco Javier ', 'Fernández Rubio', 'Francisco.Ferná', '123', 8, 0, '1', 2, 1, '27/09/2017', 'NULL', 0, '0', 'NULL'),
(2009935, 'Eduardo Alberto ', 'Gil González', 'Eduardo.Gil', '123', 9, 0, '1', 2, 1, '27/09/2017', 'NULL', 0, '0', 'NULL'),
(2021048, 'Claudia Edith ', 'Smeke Pérez', 'Claudia.Smeke', '123', 4, 0, '1', 2, 1, '27/09/2017', 'NULL', 0, '0', 'NULL'),
(2121646, 'Ramón  ', 'Serna Gallegos', 'Ramón.Serna', '123', 16, 0, '1', 2, 1, '27/09/2017', 'NULL', 0, '0', 'NULL'),
(2127563, 'Carmen Angélica ', 'Serrato Vázquez', 'Carmen.Serrato', '123', 5, 0, '1', 2, 1, '27/09/2017', 'NULL', 0, '0', 'NULL'),
(2129108, 'la Torre Hugo', 'Velázquez de', 'la.Velázquez', '123', 18, 0, '1', 2, 1, '27/09/2017', 'NULL', 0, '0', 'NULL'),
(2220857, 'Alicia Isabel ', 'Gutiérrez Gutiérrez', 'Alicia.Gutiérre', '123', 7, 0, '1', 2, 1, '27/09/2017', 'NULL', 0, '0', 'NULL'),
(2225417, 'Rosa Leticia ', 'Sánchez Rojo', 'Rosa.Sánchez', '123', 9, 0, '1', 2, 1, '27/09/2017', 'NULL', 0, '0', 'NULL'),
(2228262, 'María Paulina ', 'González Mendoza', 'María.González', '123', 19, 0, '1', 2, 1, '27/09/2017', 'NULL', 0, '0', 'NULL'),
(2228785, 'Hilda  ', 'Villanueva Lomelí', 'Hilda.Villanuev', '123', 14, 0, '1', 2, 1, '27/09/2017', 'NULL', 0, '0', 'NULL'),
(2232049, 'Susana Cristina ', 'Valadez Morales', 'Susana.Valadez', '123', 18, 0, '1', 2, 1, '27/09/2017', 'NULL', 0, '0', 'NULL'),
(2315351, 'Fatima  ', 'Garcia Andrade', 'Fatima.Garcia', '123', 14, 0, '1', 2, 1, '27/09/2017', 'NULL', 0, '0', 'NULL'),
(2324164, 'Raymundo René ', 'Hurtado Buendía', 'Raymundo.Hurtad', '123', 4, 0, '1', 2, 1, '27/09/2017', 'NULL', 0, '0', 'NULL'),
(2413132, 'María del Carmen', 'Loza Murillo', 'María.Loza', '123', 7, 0, '1', 2, 1, '27/09/2017', 'NULL', 0, '0', 'NULL'),
(2414848, 'Ruth Paola ', 'Carrera Juárez', 'Ruth.Carrera', '123', 9, 0, '1', 2, 1, '27/09/2017', 'NULL', 0, '0', 'NULL'),
(2415135, 'Laura Isabel ', 'Piceno García', 'Laura.Piceno', '123', 7, 0, '1', 2, 1, '27/09/2017', 'NULL', 0, '0', 'NULL'),
(2506076, 'Vilma  ', 'Delgado Castañeda', 'Vilma.Delgado', '123', 5, 0, '1', 2, 1, '27/09/2017', 'NULL', 0, '0', 'NULL'),
(2519925, 'Jonathan Ricardo ', 'Rivera Martínez', 'Jonathan.Rivera', '123', 18, 0, '1', 2, 1, '27/09/2017', 'NULL', 0, '0', 'NULL'),
(2520664, 'Ana Rosa ', 'Robles Ramírez', 'Ana.Robles', '123', 9, 0, '1', 2, 1, '27/09/2017', 'NULL', 0, '0', 'NULL'),
(2605678, 'Mónica Noemí ', 'Villarreal Aldana', 'Mónica.Villarre', '123', 4, 0, '1', 2, 1, '27/09/2017', 'NULL', 0, '0', 'NULL'),
(2624079, 'Edith', 'Roque Huerta', 'Edith.Roque', '123', 11, 0, '1', 2, 1, '27/09/2017', 'NULL', 0, '0', 'NULL'),
(2632098, 'Rocio  ', 'Romero Arellano', 'Rocio.Romero', '123', 18, 0, '1', 2, 1, '27/09/2017', 'NULL', 0, '0', 'NULL'),
(2634279, 'Francisco Javier ', 'Carvajal Padilla', 'Francisco.Carva', '123', 7, 0, '1', 2, 1, '27/09/2017', 'NULL', 0, '0', 'NULL'),
(2703378, 'Mónica Ruth ', 'Medina Rivas', 'Mónica.Medina', '123', 5, 0, '1', 2, 1, '27/09/2017', 'NULL', 0, '0', 'NULL'),
(2708841, 'Jessica  ', 'Nuño Villarruel', 'Jessica.Nuño', '123', 6, 0, '1', 2, 1, '27/09/2017', 'NULL', 0, '0', 'NULL'),
(2818523, 'Alma Dafné ', 'Rivera Becerril', 'Alma.Rivera', '123', 9, 0, '1', 2, 1, '27/09/2017', 'NULL', 0, '0', 'NULL'),
(2822288, 'Altagracia  ', 'González Aceves', 'Altagracia.Gonz', '123', 10, 0, '1', 2, 1, '27/09/2017', 'NULL', 0, '0', 'NULL'),
(2833379, 'José de Jesús', 'Sandoval Arceo', 'José.Sandoval', '123', 5, 0, '1', 2, 1, '27/09/2017', 'NULL', 0, '0', 'NULL'),
(2900262, 'Gabriel  ', 'Viramontes Zaragoza', 'Gabriel.Viramon', '123', 6, 0, '1', 2, 1, '27/09/2017', 'NULL', 0, '0', 'NULL'),
(2907542, 'Juan Antonio ', 'Pérez Gallardo', 'Juan.Pérez', '123', 6, 0, '1', 2, 1, '27/09/2017', 'NULL', 0, '0', 'NULL'),
(2907739, 'Patricia Maria ', 'Pérez Marin', 'Patricia.Pérez', '123', 8, 0, '1', 2, 1, '27/09/2017', 'NULL', 0, '0', 'NULL'),
(2907828, 'Roberto Carlos ', 'Paz Rodríguez', 'Roberto.Paz', '123', 7, 0, '1', 2, 1, '27/09/2017', 'NULL', 0, '0', 'NULL'),
(2914107, 'Gabriel  ', 'Lanzagorta Vallín', 'Gabriel.Lanzago', '123', 8, 0, '1', 2, 1, '27/09/2017', 'NULL', 0, '0', 'NULL'),
(2914689, 'María Verónica Aranzazu', 'Fernández Cordero', 'María.Fernández', '123', 11, 0, '1', 2, 1, '27/09/2017', 'NULL', 0, '0', 'NULL'),
(2925389, 'Eduardo Daniel ', 'González Vazquez', 'Eduardo.Gonzále', '123', 8, 0, '1', 2, 1, '27/09/2017', 'NULL', 0, '0', 'NULL'),
(2935619, 'Priscilla Themis ', 'Tafolla Soto', 'Priscilla.Tafol', '123', 9, 0, '1', 2, 1, '27/09/2017', 'NULL', 0, '0', 'NULL'),
(2935635, 'Julieta Elizabeth ', 'Lomeli Moran', 'Julieta.Lomeli', '123', 12, 0, '1', 2, 1, '27/09/2017', 'NULL', 0, '0', 'NULL'),
(2943806, 'Hugo Salvador ', 'Peñalosa Gamboa', 'Hugo.Peñalosa', '123', 10, 0, '1', 2, 1, '27/09/2017', 'NULL', 0, '0', 'NULL'),
(2944564, 'Israel Jared ', 'Padilla Barba', 'Israel.Padilla', '123', 6, 0, '1', 2, 1, '27/09/2017', 'NULL', 0, '0', 'NULL'),
(2944862, 'Alma Mónica ', 'Moya Romero', 'Alma.Moya', '123', 4, 0, '1', 2, 1, '27/09/2017', 'NULL', 0, '0', 'NULL'),
(2945968, 'Citlalli  ', 'García Loza', 'Citlalli.García', '123', 4, 0, '1', 2, 1, '27/09/2017', 'NULL', 0, '0', 'NULL'),
(2947141, 'Fernando Carlos ', 'Gutiérrez Uzarraga', 'Fernando.Gutiér', '123', 17, 0, '1', 2, 1, '27/09/2017', 'NULL', 0, '0', 'NULL'),
(2948138, 'Jonathan Tlacaelel ', 'Plascencia López', 'Jonathan.Plasce', '123', 4, 0, '1', 2, 1, '27/09/2017', 'NULL', 0, '0', 'NULL'),
(2948803, 'Gustavo Adrian ', 'Peña Portillo', 'Gustavo.Peña', '123', 8, 0, '1', 2, 1, '27/09/2017', 'NULL', 0, '0', 'NULL'),
(2949394, 'Erica Esmeralda ', 'Sánchez Rosales', 'Erica.Sánchez', '123', 18, 0, '1', 2, 1, '27/09/2017', 'NULL', 0, '0', 'NULL'),
(2949964, 'Paulina  ', 'López Abbadie', 'Paulina.López', '123', 9, 0, '1', 2, 1, '27/09/2017', 'NULL', 0, '0', 'NULL'),
(2951824, 'Franqueza  ', 'Orozco Felix', 'Franqueza.Orozc', '123', 17, 0, '1', 2, 1, '27/09/2017', 'NULL', 0, '0', 'NULL'),
(2951875, 'Fanny Janeth ', 'Aceves Bravo', 'Fanny.Aceves', '123', 10, 0, '1', 2, 1, '27/09/2017', 'NULL', 0, '0', 'NULL'),
(2952586, 'Andrés  ', 'Tostado Rodríguez', 'Andrés.Tostado', '123', 7, 0, '1', 2, 1, '27/09/2017', 'NULL', 0, '0', 'NULL'),
(2954524, 'María del Rocio', 'González Villa', 'María.González', '123', 9, 0, '1', 2, 1, '27/09/2017', 'NULL', 0, '0', 'NULL'),
(2955111, 'Irma Citlali ', 'Castellanos Arana', 'Irma.Castellano', '123', 7, 0, '1', 2, 1, '27/09/2017', 'NULL', 0, '0', 'NULL'),
(2957173, 'Edgar  ', 'Franco Velázquez', 'Edgar.Franco', '123', 7, 0, '1', 2, 1, '27/09/2017', 'NULL', 0, '0', 'NULL'),
(2957609, 'Alejandra  ', 'Romero Miramontes', 'Alejandra.Romer', '123', 9, 0, '1', 2, 1, '27/09/2017', 'NULL', 0, '0', 'NULL'),
(2957647, 'Guadalupe Natalie ', 'Ruvalcaba Apodaca', 'Guadalupe.Ruval', '123', 9, 0, '1', 2, 1, '27/09/2017', 'NULL', 0, '0', 'NULL'),
(2958349, 'Leonel Iván ', 'Carmona Barrera', 'Leonel.Carmona', '123', 18, 0, '1', 2, 1, '27/09/2017', 'NULL', 0, '0', 'NULL'),
(2958454, 'Karen Nigtenha ', 'Ochoa Orozco', 'Karen.Ochoa', '123', 14, 0, '1', 2, 1, '27/09/2017', 'NULL', 0, '0', 'NULL'),
(2958687, 'Luz Livier ', 'Salas García', 'Luz.Salas', '123', 6, 0, '1', 2, 1, '27/09/2017', 'NULL', 0, '0', 'NULL'),
(2959830, 'Noemi  ', 'Ruiz González', 'Noemi.Ruiz', '123', 19, 0, '1', 2, 1, '27/09/2017', 'NULL', 0, '0', 'NULL'),
(2960044, 'Rafael de Jesús', 'Díaz Ramírez', 'Rafael.Díaz', '123', 9, 0, '1', 2, 1, '27/09/2017', 'NULL', 0, '0', 'NULL'),
(2960163, 'Irma Adelaida ', 'Vázquez Muro', 'Irma.Vázquez', '123', 14, 0, '1', 2, 1, '27/09/2017', 'NULL', 0, '0', 'NULL'),
(2960760, 'Nazaret Guillermo ', 'López Rubio', 'Nazaret.López', '123', 14, 0, '1', 2, 1, '27/09/2017', 'NULL', 0, '0', 'NULL'),
(2960937, 'Centella  ', 'Briseño Montes', 'Centella.Briseñ', '123', 6, 0, '1', 2, 1, '27/09/2017', 'NULL', 0, '0', 'NULL'),
(2961140, 'Priscila  ', 'Aguayo Ortíz', 'Priscila.Aguayo', '123', 15, 0, '1', 2, 1, '27/09/2017', 'NULL', 0, '0', 'NULL'),
(2961462, 'Karla Lizeth ', 'Correa Mejía', 'Karla.Correa', '123', 12, 0, '1', 2, 1, '27/09/2017', 'NULL', 0, '0', 'NULL'),
(2961463, 'Flores Karla Lorena', 'Del Valle', 'Flores.Del', '123', 8, 0, '1', 2, 1, '27/09/2017', 'NULL', 0, '0', 'NULL'),
(8001375, 'Ramiro  ', 'Contreras Acevedo', 'Ramiro.Contrera', '123', 13, 0, '1', 2, 1, '27/09/2017', 'NULL', 0, '0', 'NULL'),
(8006113, 'Graciela  ', 'Valdivia Rubio', 'Graciela.Valdiv', '123', 8, 0, '1', 2, 1, '27/09/2017', 'NULL', 0, '0', 'NULL'),
(8509573, 'Rosalba', 'Rodriguez Martinez', 'Rosalba.Rodrigu', '123', 11, 0, '1', 2, 1, '27/09/2017', 'NULL', 0, '0', 'NULL'),
(8803803, 'Ma. del Consuelo', 'Ambríz Cabrera', 'Ma..Ambríz', '123', 18, 0, '1', 2, 1, '27/09/2017', 'NULL', 0, '0', 'NULL'),
(8824193, 'Xochitl  ', 'Ferrer Sandoval', 'Xochitl.Ferrer', '123', 15, 0, '1', 2, 1, '27/09/2017', 'NULL', 0, '0', 'NULL'),
(8912793, 'Bertha Alicia ', 'Hernández Villanueva', 'Bertha.Hernánde', '123', 8, 0, '1', 2, 1, '27/09/2017', 'NULL', 0, '0', 'NULL'),
(8912874, 'Juan Manuel ', 'Alejo Mayorga', 'Juan.Alejo', '123', 10, 0, '1', 2, 1, '27/09/2017', 'NULL', 0, '0', 'NULL'),
(9217932, 'Irma Guadalupe ', 'Mejía Anaya', 'Irma.Mejía', '123', 12, 0, '1', 2, 1, '27/09/2017', 'NULL', 0, '0', 'NULL'),
(9319581, 'María Magdalena ', 'Padilla Salazar', 'María.Padilla', '123', 17, 0, '1', 2, 1, '27/09/2017', 'NULL', 0, '0', 'NULL'),
(9405879, 'Efrain  ', 'Ferrer Sandoval', 'Efrain.Ferrer', '123', 9, 0, '1', 2, 1, '27/09/2017', 'NULL', 0, '0', 'NULL'),
(9506578, 'Cecilia  ', 'Torres Cabral', 'Cecilia.Torres', '123', 10, 0, '1', 2, 1, '27/09/2017', 'NULL', 0, '0', 'NULL'),
(9511318, 'Miguel Angel ', 'Alcantara Ochoa', 'Miguel.Alcantar', '123', 7, 0, '1', 2, 1, '27/09/2017', 'NULL', 0, '0', 'NULL'),
(9512861, 'Benedicto  ', 'Castañeda Larios', 'Benedicto.Casta', '123', 9, 0, '1', 2, 1, '27/09/2017', 'NULL', 0, '0', 'NULL'),
(9705112, 'Luis Fernando ', 'Ayala González', 'Luis.Ayala', '123', 9, 0, '1', 2, 1, '27/09/2017', 'NULL', 0, '0', 'NULL'),
(9714251, 'Gabriel  ', 'García Escobedo', 'Gabriel.García', '123', 9, 0, '1', 2, 1, '27/09/2017', 'NULL', 0, '0', 'NULL'),
(9800239, 'Verónica Ofelia ', 'Rodríguez Moreno', 'Verónica.Rodríg', '123', 18, 0, '1', 2, 1, '27/09/2017', 'NULL', 0, '0', 'NULL'),
(9801278, 'León Mónica Fabiola', 'Huerta de', 'León.Huerta', '123', 18, 0, '1', 2, 1, '27/09/2017', 'NULL', 0, '0', 'NULL'),
(9805753, 'Luz Elena ', 'Argote Michel', 'Luz.Argote', '123', 12, 0, '1', 2, 1, '27/09/2017', 'NULL', 0, '0', 'NULL'),
(9912576, 'Ivana Patsilly ', 'González Guerrero', 'Ivana.González', '123', 12, 0, '1', 2, 1, '27/09/2017', 'NULL', 0, '0', 'NULL'),
(9915427, 'Valeria  ', 'Gutiérrez Rojano', 'Valeria.Gutiérr', '123', 8, 0, '1', 2, 1, '27/09/2017', 'NULL', 0, '0', 'NULL'),
(9915428, 'nombre', 'apellido', 'usuario', 'password', 0, 0, 'puesto', 0, 0, 'fecha_alta', 'fecha_baja', 0, 'correo', 'foto'),
(9915429, 'Jonathan Isaí ', 'Rentería Alfaro', 'Jonathan.Renter', '123', 11, 0, '1', 2, 1, '27/09/2017', 'NULL', 0, '0', 'NULL'),
(9915430, 'Crithian Emmanuel ', 'Guzmán Ceja', 'Crithian.Guzmán', '123', 13, 0, '1', 2, 1, '27/09/2017', 'NULL', 0, '0', 'NULL');

--
-- Indexes for dumped tables
--

--
-- Indexes for table `activos`
--
ALTER TABLE `activos`
  ADD PRIMARY KEY (`id_activo`);

--
-- Indexes for table `categoria_ticket`
--
ALTER TABLE `categoria_ticket`
  ADD PRIMARY KEY (`id_cat`);

--
-- Indexes for table `clasificacion_activos`
--
ALTER TABLE `clasificacion_activos`
  ADD PRIMARY KEY (`id_clasificacion`);

--
-- Indexes for table `dependencias`
--
ALTER TABLE `dependencias`
  ADD PRIMARY KEY (`id_dependencia`);

--
-- Indexes for table `estacion_trabajo`
--
ALTER TABLE `estacion_trabajo`
  ADD PRIMARY KEY (`id_estacion`);

--
-- Indexes for table `estado_activo`
--
ALTER TABLE `estado_activo`
  ADD PRIMARY KEY (`id`);

--
-- Indexes for table `h_ticket`
--
ALTER TABLE `h_ticket`
  ADD PRIMARY KEY (`id`);

--
-- Indexes for table `imagen`
--
ALTER TABLE `imagen`
  ADD PRIMARY KEY (`id_imagen`);

--
-- Indexes for table `movimientos_activos`
--
ALTER TABLE `movimientos_activos`
  ADD PRIMARY KEY (`movimiento`);

--
-- Indexes for table `puesto_usr`
--
ALTER TABLE `puesto_usr`
  ADD PRIMARY KEY (`id`);

--
-- Indexes for table `rol`
--
ALTER TABLE `rol`
  ADD PRIMARY KEY (`id_rol`);

--
-- Indexes for table `sintomas`
--
ALTER TABLE `sintomas`
  ADD PRIMARY KEY (`id`);

--
-- Indexes for table `situacion_activos`
--
ALTER TABLE `situacion_activos`
  ADD PRIMARY KEY (`id_situacion`);

--
-- Indexes for table `situacion_ticket`
--
ALTER TABLE `situacion_ticket`
  ADD PRIMARY KEY (`id`);

--
-- Indexes for table `situacion_usuarios`
--
ALTER TABLE `situacion_usuarios`
  ADD PRIMARY KEY (`id`);

--
-- Indexes for table `ticket`
--
ALTER TABLE `ticket`
  ADD PRIMARY KEY (`folio`);

--
-- Indexes for table `usuario`
--
ALTER TABLE `usuario`
  ADD PRIMARY KEY (`codigo`);

--
-- AUTO_INCREMENT for dumped tables
--

--
-- AUTO_INCREMENT for table `categoria_ticket`
--
ALTER TABLE `categoria_ticket`
  MODIFY `id_cat` int(11) NOT NULL AUTO_INCREMENT, AUTO_INCREMENT=11;
--
-- AUTO_INCREMENT for table `dependencias`
--
ALTER TABLE `dependencias`
  MODIFY `id_dependencia` int(10) NOT NULL AUTO_INCREMENT, AUTO_INCREMENT=15;
--
-- AUTO_INCREMENT for table `estado_activo`
--
ALTER TABLE `estado_activo`
  MODIFY `id` int(11) NOT NULL AUTO_INCREMENT, AUTO_INCREMENT=5;
--
-- AUTO_INCREMENT for table `h_ticket`
--
ALTER TABLE `h_ticket`
  MODIFY `id` int(11) NOT NULL AUTO_INCREMENT, AUTO_INCREMENT=12;
--
-- AUTO_INCREMENT for table `imagen`
--
ALTER TABLE `imagen`
  MODIFY `id_imagen` smallint(6) NOT NULL AUTO_INCREMENT;
--
-- AUTO_INCREMENT for table `movimientos_activos`
--
ALTER TABLE `movimientos_activos`
  MODIFY `movimiento` int(10) NOT NULL AUTO_INCREMENT;
--
-- AUTO_INCREMENT for table `puesto_usr`
--
ALTER TABLE `puesto_usr`
  MODIFY `id` int(11) NOT NULL AUTO_INCREMENT, AUTO_INCREMENT=7;
--
-- AUTO_INCREMENT for table `rol`
--
ALTER TABLE `rol`
  MODIFY `id_rol` int(10) NOT NULL AUTO_INCREMENT, AUTO_INCREMENT=4;
--
-- AUTO_INCREMENT for table `sintomas`
--
ALTER TABLE `sintomas`
  MODIFY `id` int(10) NOT NULL AUTO_INCREMENT;
--
-- AUTO_INCREMENT for table `situacion_activos`
--
ALTER TABLE `situacion_activos`
  MODIFY `id_situacion` int(5) NOT NULL AUTO_INCREMENT, AUTO_INCREMENT=6;
--
-- AUTO_INCREMENT for table `situacion_ticket`
--
ALTER TABLE `situacion_ticket`
  MODIFY `id` int(10) NOT NULL AUTO_INCREMENT, AUTO_INCREMENT=7;
--
-- AUTO_INCREMENT for table `situacion_usuarios`
--
ALTER TABLE `situacion_usuarios`
  MODIFY `id` int(10) NOT NULL AUTO_INCREMENT, AUTO_INCREMENT=4;
--
-- AUTO_INCREMENT for table `ticket`
--
ALTER TABLE `ticket`
  MODIFY `folio` int(10) NOT NULL AUTO_INCREMENT, AUTO_INCREMENT=4;
--
-- AUTO_INCREMENT for table `usuario`
--
ALTER TABLE `usuario`
  MODIFY `codigo` int(10) NOT NULL AUTO_INCREMENT, AUTO_INCREMENT=9915431;
/*!40101 SET CHARACTER_SET_CLIENT=@OLD_CHARACTER_SET_CLIENT */;
/*!40101 SET CHARACTER_SET_RESULTS=@OLD_CHARACTER_SET_RESULTS */;
/*!40101 SET COLLATION_CONNECTION=@OLD_COLLATION_CONNECTION */;
